0 verbose cli C:\Program Files\nodejs\node.exe C:\Program Files\nodejs\node_modules\npm\bin\npm-cli.js
1 info using npm@10.8.2
2 info using node@v20.17.0
3 silly config load:file:C:\Program Files\nodejs\node_modules\npm\npmrc
4 silly config load:file:D:\Carrera\Cursos\TP1\BACKUP\TF_TP1_Frontend\.npmrc
5 silly config load:file:C:\Users\gmuch\.npmrc
6 silly config load:file:C:\Users\gmuch\AppData\Roaming\npm\etc\npmrc
7 verbose title npm ci
8 verbose argv "ci" "--no-audit" "--no-fund" "--cache" ".angular/npm-cache"
9 verbose logfile logs-max:10 dir:D:\Carrera\Cursos\TP1\BACKUP\TF_TP1_Frontend\.angular\npm-cache\_logs\2026-09-03T07_37_01_412Z-
10 verbose logfile D:\Carrera\Cursos\TP1\BACKUP\TF_TP1_Frontend\.angular\npm-cache\_logs\2026-09-03T07_37_01_412Z-debug-0.log
11 silly packumentCache heap:4345298944 maxSize:1086324736 maxEntrySize:543162368
12 silly logfile done cleaning log files
13 silly idealTree buildDeps
14 http fetch GET 200 https://registry.npmjs.org/npm 1267ms
15 silly reify moves {}
16 verbose reify failed optional dependency D:\Carrera\Cursos\TP1\BACKUP\TF_TP1_Frontend\node_modules\vite\node_modules\@esbuild\win32-ia32
17 silly reify mark deleted [
17 silly reify   'D:\\Carrera\\Cursos\\TP1\\BACKUP\\TF_TP1_Frontend\\node_modules\\vite\\node_modules\\@esbuild\\win32-ia32'
17 silly reify ]
18 verbose reify failed optional dependency D:\Carrera\Cursos\TP1\BACKUP\TF_TP1_Frontend\node_modules\vite\node_modules\@esbuild\win32-arm64
19 silly reify mark deleted [
19 silly reify   'D:\\Carrera\\Cursos\\TP1\\BACKUP\\TF_TP1_Frontend\\node_modules\\vite\\node_modules\\@esbuild\\win32-arm64'
19 silly reify ]
20 verbose reify failed optional dependency D:\Carrera\Cursos\TP1\BACKUP\TF_TP1_Frontend\node_modules\vite\node_modules\@esbuild\sunos-x64
21 silly reify mark deleted [
21 silly reify   'D:\\Carrera\\Cursos\\TP1\\BACKUP\\TF_TP1_Frontend\\node_modules\\vite\\node_modules\\@esbuild\\sunos-x64'
21 silly reify ]
22 verbose reify failed optional dependency D:\Carrera\Cursos\TP1\BACKUP\TF_TP1_Frontend\node_modules\vite\node_modules\@esbuild\openharmony-arm64
23 silly reify mark deleted [
23 silly reify   'D:\\Carrera\\Cursos\\TP1\\BACKUP\\TF_TP1_Frontend\\node_modules\\vite\\node_modules\\@esbuild\\openharmony-arm64'
23 silly reify ]
24 verbose reify failed optional dependency D:\Carrera\Cursos\TP1\BACKUP\TF_TP1_Frontend\node_modules\vite\node_modules\@esbuild\openbsd-x64
25 silly reify mark deleted [
25 silly reify   'D:\\Carrera\\Cursos\\TP1\\BACKUP\\TF_TP1_Frontend\\node_modules\\vite\\node_modules\\@esbuild\\openbsd-x64'
25 silly reify ]
26 verbose reify failed optional dependency D:\Carrera\Cursos\TP1\BACKUP\TF_TP1_Frontend\node_modules\vite\node_modules\@esbuild\openbsd-arm64
27 silly reify mark deleted [
27 silly reify   'D:\\Carrera\\Cursos\\TP1\\BACKUP\\TF_TP1_Frontend\\node_modules\\vite\\node_modules\\@esbuild\\openbsd-arm64'
27 silly reify ]
28 verbose reify failed optional dependency D:\Carrera\Cursos\TP1\BACKUP\TF_TP1_Frontend\node_modules\vite\node_modules\@esbuild\netbsd-x64
29 silly reify mark deleted [
29 silly reify   'D:\\Carrera\\Cursos\\TP1\\BACKUP\\TF_TP1_Frontend\\node_modules\\vite\\node_modules\\@esbuild\\netbsd-x64'
29 silly reify ]
30 verbose reify failed optional dependency D:\Carrera\Cursos\TP1\BACKUP\TF_TP1_Frontend\node_modules\vite\node_modules\@esbuild\netbsd-arm64
31 silly reify mark deleted [
31 silly reify   'D:\\Carrera\\Cursos\\TP1\\BACKUP\\TF_TP1_Frontend\\node_modules\\vite\\node_modules\\@esbuild\\netbsd-arm64'
31 silly reify ]
32 verbose reify failed optional dependency D:\Carrera\Cursos\TP1\BACKUP\TF_TP1_Frontend\node_modules\vite\node_modules\@esbuild\linux-x64
33 silly reify mark deleted [
33 silly reify   'D:\\Carrera\\Cursos\\TP1\\BACKUP\\TF_TP1_Frontend\\node_modules\\vite\\node_modules\\@esbuild\\linux-x64'
33 silly reify ]
34 verbose reify failed optional dependency D:\Carrera\Cursos\TP1\BACKUP\TF_TP1_Frontend\node_modules\vite\node_modules\@esbuild\linux-s390x
35 silly reify mark deleted [
35 silly reify   'D:\\Carrera\\Cursos\\TP1\\BACKUP\\TF_TP1_Frontend\\node_modules\\vite\\node_modules\\@esbuild\\linux-s390x'
35 silly reify ]
36 verbose reify failed optional dependency D:\Carrera\Cursos\TP1\BACKUP\TF_TP1_Frontend\node_modules\vite\node_modules\@esbuild\linux-riscv64
37 silly reify mark deleted [
37 silly reify   'D:\\Carrera\\Cursos\\TP1\\BACKUP\\TF_TP1_Frontend\\node_modules\\vite\\node_modules\\@esbuild\\linux-riscv64'
37 silly reify ]
38 verbose reify failed optional dependency D:\Carrera\Cursos\TP1\BACKUP\TF_TP1_Frontend\node_modules\vite\node_modules\@esbuild\linux-ppc64
39 silly reify mark deleted [
39 silly reify   'D:\\Carrera\\Cursos\\TP1\\BACKUP\\TF_TP1_Frontend\\node_modules\\vite\\node_modules\\@esbuild\\linux-ppc64'
39 silly reify ]
40 verbose reify failed optional dependency D:\Carrera\Cursos\TP1\BACKUP\TF_TP1_Frontend\node_modules\vite\node_modules\@esbuild\linux-mips64el
41 silly reify mark deleted [
41 silly reify   'D:\\Carrera\\Cursos\\TP1\\BACKUP\\TF_TP1_Frontend\\node_modules\\vite\\node_modules\\@esbuild\\linux-mips64el'
41 silly reify ]
42 verbose reify failed optional dependency D:\Carrera\Cursos\TP1\BACKUP\TF_TP1_Frontend\node_modules\vite\node_modules\@esbuild\linux-loong64
43 silly reify mark deleted [
43 silly reify   'D:\\Carrera\\Cursos\\TP1\\BACKUP\\TF_TP1_Frontend\\node_modules\\vite\\node_modules\\@esbuild\\linux-loong64'
43 silly reify ]
44 verbose reify failed optional dependency D:\Carrera\Cursos\TP1\BACKUP\TF_TP1_Frontend\node_modules\vite\node_modules\@esbuild\linux-ia32
45 silly reify mark deleted [
45 silly reify   'D:\\Carrera\\Cursos\\TP1\\BACKUP\\TF_TP1_Frontend\\node_modules\\vite\\node_modules\\@esbuild\\linux-ia32'
45 silly reify ]
46 verbose reify failed optional dependency D:\Carrera\Cursos\TP1\BACKUP\TF_TP1_Frontend\node_modules\vite\node_modules\@esbuild\linux-arm64
47 silly reify mark deleted [
47 silly reify   'D:\\Carrera\\Cursos\\TP1\\BACKUP\\TF_TP1_Frontend\\node_modules\\vite\\node_modules\\@esbuild\\linux-arm64'
47 silly reify ]
48 verbose reify failed optional dependency D:\Carrera\Cursos\TP1\BACKUP\TF_TP1_Frontend\node_modules\vite\node_modules\@esbuild\linux-arm
49 silly reify mark deleted [
49 silly reify   'D:\\Carrera\\Cursos\\TP1\\BACKUP\\TF_TP1_Frontend\\node_modules\\vite\\node_modules\\@esbuild\\linux-arm'
49 silly reify ]
50 verbose reify failed optional dependency D:\Carrera\Cursos\TP1\BACKUP\TF_TP1_Frontend\node_modules\vite\node_modules\@esbuild\freebsd-x64
51 silly reify mark deleted [
51 silly reify   'D:\\Carrera\\Cursos\\TP1\\BACKUP\\TF_TP1_Frontend\\node_modules\\vite\\node_modules\\@esbuild\\freebsd-x64'
51 silly reify ]
52 verbose reify failed optional dependency D:\Carrera\Cursos\TP1\BACKUP\TF_TP1_Frontend\node_modules\vite\node_modules\@esbuild\freebsd-arm64
53 silly reify mark deleted [
53 silly reify   'D:\\Carrera\\Cursos\\TP1\\BACKUP\\TF_TP1_Frontend\\node_modules\\vite\\node_modules\\@esbuild\\freebsd-arm64'
53 silly reify ]
54 verbose reify failed optional dependency D:\Carrera\Cursos\TP1\BACKUP\TF_TP1_Frontend\node_modules\vite\node_modules\@esbuild\darwin-x64
55 silly reify mark deleted [
55 silly reify   'D:\\Carrera\\Cursos\\TP1\\BACKUP\\TF_TP1_Frontend\\node_modules\\vite\\node_modules\\@esbuild\\darwin-x64'
55 silly reify ]
56 verbose reify failed optional dependency D:\Carrera\Cursos\TP1\BACKUP\TF_TP1_Frontend\node_modules\vite\node_modules\@esbuild\darwin-arm64
57 silly reify mark deleted [
57 silly reify   'D:\\Carrera\\Cursos\\TP1\\BACKUP\\TF_TP1_Frontend\\node_modules\\vite\\node_modules\\@esbuild\\darwin-arm64'
57 silly reify ]
58 verbose reify failed optional dependency D:\Carrera\Cursos\TP1\BACKUP\TF_TP1_Frontend\node_modules\vite\node_modules\@esbuild\android-x64
59 silly reify mark deleted [
59 silly reify   'D:\\Carrera\\Cursos\\TP1\\BACKUP\\TF_TP1_Frontend\\node_modules\\vite\\node_modules\\@esbuild\\android-x64'
59 silly reify ]
60 verbose reify failed optional dependency D:\Carrera\Cursos\TP1\BACKUP\TF_TP1_Frontend\node_modules\vite\node_modules\@esbuild\android-arm64
61 silly reify mark deleted [
61 silly reify   'D:\\Carrera\\Cursos\\TP1\\BACKUP\\TF_TP1_Frontend\\node_modules\\vite\\node_modules\\@esbuild\\android-arm64'
61 silly reify ]
62 verbose reify failed optional dependency D:\Carrera\Cursos\TP1\BACKUP\TF_TP1_Frontend\node_modules\vite\node_modules\@esbuild\android-arm
63 silly reify mark deleted [
63 silly reify   'D:\\Carrera\\Cursos\\TP1\\BACKUP\\TF_TP1_Frontend\\node_modules\\vite\\node_modules\\@esbuild\\android-arm'
63 silly reify ]
64 verbose reify failed optional dependency D:\Carrera\Cursos\TP1\BACKUP\TF_TP1_Frontend\node_modules\vite\node_modules\@esbuild\aix-ppc64
65 silly reify mark deleted [
65 silly reify   'D:\\Carrera\\Cursos\\TP1\\BACKUP\\TF_TP1_Frontend\\node_modules\\vite\\node_modules\\@esbuild\\aix-ppc64'
65 silly reify ]
66 verbose reify failed optional dependency D:\Carrera\Cursos\TP1\BACKUP\TF_TP1_Frontend\node_modules\fsevents
67 silly reify mark deleted [
67 silly reify   'D:\\Carrera\\Cursos\\TP1\\BACKUP\\TF_TP1_Frontend\\node_modules\\fsevents'
67 silly reify ]
68 verbose reify failed optional dependency D:\Carrera\Cursos\TP1\BACKUP\TF_TP1_Frontend\node_modules\@rollup\rollup-win32-ia32-msvc
69 silly reify mark deleted [
69 silly reify   'D:\\Carrera\\Cursos\\TP1\\BACKUP\\TF_TP1_Frontend\\node_modules\\@rollup\\rollup-win32-ia32-msvc'
69 silly reify ]
70 verbose reify failed optional dependency D:\Carrera\Cursos\TP1\BACKUP\TF_TP1_Frontend\node_modules\@rollup\rollup-win32-arm64-msvc
71 silly reify mark deleted [
71 silly reify   'D:\\Carrera\\Cursos\\TP1\\BACKUP\\TF_TP1_Frontend\\node_modules\\@rollup\\rollup-win32-arm64-msvc'
71 silly reify ]
72 verbose reify failed optional dependency D:\Carrera\Cursos\TP1\BACKUP\TF_TP1_Frontend\node_modules\@rollup\rollup-openharmony-arm64
73 silly reify mark deleted [
73 silly reify   'D:\\Carrera\\Cursos\\TP1\\BACKUP\\TF_TP1_Frontend\\node_modules\\@rollup\\rollup-openharmony-arm64'
73 silly reify ]
74 verbose reify failed optional dependency D:\Carrera\Cursos\TP1\BACKUP\TF_TP1_Frontend\node_modules\@rollup\rollup-openbsd-x64
75 silly reify mark deleted [
75 silly reify   'D:\\Carrera\\Cursos\\TP1\\BACKUP\\TF_TP1_Frontend\\node_modules\\@rollup\\rollup-openbsd-x64'
75 silly reify ]
76 verbose reify failed optional dependency D:\Carrera\Cursos\TP1\BACKUP\TF_TP1_Frontend\node_modules\@rollup\rollup-linux-x64-musl
77 silly reify mark deleted [
77 silly reify   'D:\\Carrera\\Cursos\\TP1\\BACKUP\\TF_TP1_Frontend\\node_modules\\@rollup\\rollup-linux-x64-musl'
77 silly reify ]
78 verbose reify failed optional dependency D:\Carrera\Cursos\TP1\BACKUP\TF_TP1_Frontend\node_modules\@rollup\rollup-linux-x64-gnu
79 silly reify mark deleted [
79 silly reify   'D:\\Carrera\\Cursos\\TP1\\BACKUP\\TF_TP1_Frontend\\node_modules\\@rollup\\rollup-linux-x64-gnu'
79 silly reify ]
80 verbose reify failed optional dependency D:\Carrera\Cursos\TP1\BACKUP\TF_TP1_Frontend\node_modules\@rollup\rollup-linux-s390x-gnu
81 silly reify mark deleted [
81 silly reify   'D:\\Carrera\\Cursos\\TP1\\BACKUP\\TF_TP1_Frontend\\node_modules\\@rollup\\rollup-linux-s390x-gnu'
81 silly reify ]
82 verbose reify failed optional dependency D:\Carrera\Cursos\TP1\BACKUP\TF_TP1_Frontend\node_modules\@rollup\rollup-linux-riscv64-musl
83 silly reify mark deleted [
83 silly reify   'D:\\Carrera\\Cursos\\TP1\\BACKUP\\TF_TP1_Frontend\\node_modules\\@rollup\\rollup-linux-riscv64-musl'
83 silly reify ]
84 verbose reify failed optional dependency D:\Carrera\Cursos\TP1\BACKUP\TF_TP1_Frontend\node_modules\@rollup\rollup-linux-riscv64-gnu
85 silly reify mark deleted [
85 silly reify   'D:\\Carrera\\Cursos\\TP1\\BACKUP\\TF_TP1_Frontend\\node_modules\\@rollup\\rollup-linux-riscv64-gnu'
85 silly reify ]
86 verbose reify failed optional dependency D:\Carrera\Cursos\TP1\BACKUP\TF_TP1_Frontend\node_modules\@rollup\rollup-linux-ppc64-musl
87 silly reify mark deleted [
87 silly reify   'D:\\Carrera\\Cursos\\TP1\\BACKUP\\TF_TP1_Frontend\\node_modules\\@rollup\\rollup-linux-ppc64-musl'
87 silly reify ]
88 verbose reify failed optional dependency D:\Carrera\Cursos\TP1\BACKUP\TF_TP1_Frontend\node_modules\@rollup\rollup-linux-ppc64-gnu
89 silly reify mark deleted [
89 silly reify   'D:\\Carrera\\Cursos\\TP1\\BACKUP\\TF_TP1_Frontend\\node_modules\\@rollup\\rollup-linux-ppc64-gnu'
89 silly reify ]
90 verbose reify failed optional dependency D:\Carrera\Cursos\TP1\BACKUP\TF_TP1_Frontend\node_modules\@rollup\rollup-linux-loong64-musl
91 silly reify mark deleted [
91 silly reify   'D:\\Carrera\\Cursos\\TP1\\BACKUP\\TF_TP1_Frontend\\node_modules\\@rollup\\rollup-linux-loong64-musl'
91 silly reify ]
92 verbose reify failed optional dependency D:\Carrera\Cursos\TP1\BACKUP\TF_TP1_Frontend\node_modules\@rollup\rollup-linux-loong64-gnu
93 silly reify mark deleted [
93 silly reify   'D:\\Carrera\\Cursos\\TP1\\BACKUP\\TF_TP1_Frontend\\node_modules\\@rollup\\rollup-linux-loong64-gnu'
93 silly reify ]
94 verbose reify failed optional dependency D:\Carrera\Cursos\TP1\BACKUP\TF_TP1_Frontend\node_modules\@rollup\rollup-linux-arm64-musl
95 silly reify mark deleted [
95 silly reify   'D:\\Carrera\\Cursos\\TP1\\BACKUP\\TF_TP1_Frontend\\node_modules\\@rollup\\rollup-linux-arm64-musl'
95 silly reify ]
96 verbose reify failed optional dependency D:\Carrera\Cursos\TP1\BACKUP\TF_TP1_Frontend\node_modules\@rollup\rollup-linux-arm64-gnu
97 silly reify mark deleted [
97 silly reify   'D:\\Carrera\\Cursos\\TP1\\BACKUP\\TF_TP1_Frontend\\node_modules\\@rollup\\rollup-linux-arm64-gnu'
97 silly reify ]
98 verbose reify failed optional dependency D:\Carrera\Cursos\TP1\BACKUP\TF_TP1_Frontend\node_modules\@rollup\rollup-linux-arm-musleabihf
99 silly reify mark deleted [
99 silly reify   'D:\\Carrera\\Cursos\\TP1\\BACKUP\\TF_TP1_Frontend\\node_modules\\@rollup\\rollup-linux-arm-musleabihf'
99 silly reify ]
100 verbose reify failed optional dependency D:\Carrera\Cursos\TP1\BACKUP\TF_TP1_Frontend\node_modules\@rollup\rollup-linux-arm-gnueabihf
101 silly reify mark deleted [
101 silly reify   'D:\\Carrera\\Cursos\\TP1\\BACKUP\\TF_TP1_Frontend\\node_modules\\@rollup\\rollup-linux-arm-gnueabihf'
101 silly reify ]
102 verbose reify failed optional dependency D:\Carrera\Cursos\TP1\BACKUP\TF_TP1_Frontend\node_modules\@rollup\rollup-freebsd-x64
103 silly reify mark deleted [
103 silly reify   'D:\\Carrera\\Cursos\\TP1\\BACKUP\\TF_TP1_Frontend\\node_modules\\@rollup\\rollup-freebsd-x64'
103 silly reify ]
104 verbose reify failed optional dependency D:\Carrera\Cursos\TP1\BACKUP\TF_TP1_Frontend\node_modules\@rollup\rollup-freebsd-arm64
105 silly reify mark deleted [
105 silly reify   'D:\\Carrera\\Cursos\\TP1\\BACKUP\\TF_TP1_Frontend\\node_modules\\@rollup\\rollup-freebsd-arm64'
105 silly reify ]
106 verbose reify failed optional dependency D:\Carrera\Cursos\TP1\BACKUP\TF_TP1_Frontend\node_modules\@rollup\rollup-darwin-x64
107 silly reify mark deleted [
107 silly reify   'D:\\Carrera\\Cursos\\TP1\\BACKUP\\TF_TP1_Frontend\\node_modules\\@rollup\\rollup-darwin-x64'
107 silly reify ]
108 verbose reify failed optional dependency D:\Carrera\Cursos\TP1\BACKUP\TF_TP1_Frontend\node_modules\@rollup\rollup-darwin-arm64
109 silly reify mark deleted [
109 silly reify   'D:\\Carrera\\Cursos\\TP1\\BACKUP\\TF_TP1_Frontend\\node_modules\\@rollup\\rollup-darwin-arm64'
109 silly reify ]
110 verbose reify failed optional dependency D:\Carrera\Cursos\TP1\BACKUP\TF_TP1_Frontend\node_modules\@rollup\rollup-android-arm64
111 silly reify mark deleted [
111 silly reify   'D:\\Carrera\\Cursos\\TP1\\BACKUP\\TF_TP1_Frontend\\node_modules\\@rollup\\rollup-android-arm64'
111 silly reify ]
112 verbose reify failed optional dependency D:\Carrera\Cursos\TP1\BACKUP\TF_TP1_Frontend\node_modules\@rollup\rollup-android-arm-eabi
113 silly reify mark deleted [
113 silly reify   'D:\\Carrera\\Cursos\\TP1\\BACKUP\\TF_TP1_Frontend\\node_modules\\@rollup\\rollup-android-arm-eabi'
113 silly reify ]
114 verbose reify failed optional dependency D:\Carrera\Cursos\TP1\BACKUP\TF_TP1_Frontend\node_modules\@parcel\watcher-win32-ia32
115 silly reify mark deleted [
115 silly reify   'D:\\Carrera\\Cursos\\TP1\\BACKUP\\TF_TP1_Frontend\\node_modules\\@parcel\\watcher-win32-ia32'
115 silly reify ]
116 verbose reify failed optional dependency D:\Carrera\Cursos\TP1\BACKUP\TF_TP1_Frontend\node_modules\@parcel\watcher-win32-arm64
117 silly reify mark deleted [
117 silly reify   'D:\\Carrera\\Cursos\\TP1\\BACKUP\\TF_TP1_Frontend\\node_modules\\@parcel\\watcher-win32-arm64'
117 silly reify ]
118 verbose reify failed optional dependency D:\Carrera\Cursos\TP1\BACKUP\TF_TP1_Frontend\node_modules\@parcel\watcher-linux-x64-musl
119 silly reify mark deleted [
119 silly reify   'D:\\Carrera\\Cursos\\TP1\\BACKUP\\TF_TP1_Frontend\\node_modules\\@parcel\\watcher-linux-x64-musl'
119 silly reify ]
120 verbose reify failed optional dependency D:\Carrera\Cursos\TP1\BACKUP\TF_TP1_Frontend\node_modules\@parcel\watcher-linux-x64-glibc
121 silly reify mark deleted [
121 silly reify   'D:\\Carrera\\Cursos\\TP1\\BACKUP\\TF_TP1_Frontend\\node_modules\\@parcel\\watcher-linux-x64-glibc'
121 silly reify ]
122 verbose reify failed optional dependency D:\Carrera\Cursos\TP1\BACKUP\TF_TP1_Frontend\node_modules\@parcel\watcher-linux-arm64-musl
123 silly reify mark deleted [
123 silly reify   'D:\\Carrera\\Cursos\\TP1\\BACKUP\\TF_TP1_Frontend\\node_modules\\@parcel\\watcher-linux-arm64-musl'
123 silly reify ]
124 verbose reify failed optional dependency D:\Carrera\Cursos\TP1\BACKUP\TF_TP1_Frontend\node_modules\@parcel\watcher-linux-arm64-glibc
125 silly reify mark deleted [
125 silly reify   'D:\\Carrera\\Cursos\\TP1\\BACKUP\\TF_TP1_Frontend\\node_modules\\@parcel\\watcher-linux-arm64-glibc'
125 silly reify ]
126 verbose reify failed optional dependency D:\Carrera\Cursos\TP1\BACKUP\TF_TP1_Frontend\node_modules\@parcel\watcher-linux-arm-musl
127 silly reify mark deleted [
127 silly reify   'D:\\Carrera\\Cursos\\TP1\\BACKUP\\TF_TP1_Frontend\\node_modules\\@parcel\\watcher-linux-arm-musl'
127 silly reify ]
128 verbose reify failed optional dependency D:\Carrera\Cursos\TP1\BACKUP\TF_TP1_Frontend\node_modules\@parcel\watcher-linux-arm-glibc
129 silly reify mark deleted [
129 silly reify   'D:\\Carrera\\Cursos\\TP1\\BACKUP\\TF_TP1_Frontend\\node_modules\\@parcel\\watcher-linux-arm-glibc'
129 silly reify ]
130 verbose reify failed optional dependency D:\Carrera\Cursos\TP1\BACKUP\TF_TP1_Frontend\node_modules\@parcel\watcher-freebsd-x64
131 silly reify mark deleted [
131 silly reify   'D:\\Carrera\\Cursos\\TP1\\BACKUP\\TF_TP1_Frontend\\node_modules\\@parcel\\watcher-freebsd-x64'
131 silly reify ]
132 verbose reify failed optional dependency D:\Carrera\Cursos\TP1\BACKUP\TF_TP1_Frontend\node_modules\@parcel\watcher-darwin-x64
133 silly reify mark deleted [
133 silly reify   'D:\\Carrera\\Cursos\\TP1\\BACKUP\\TF_TP1_Frontend\\node_modules\\@parcel\\watcher-darwin-x64'
133 silly reify ]
134 verbose reify failed optional dependency D:\Carrera\Cursos\TP1\BACKUP\TF_TP1_Frontend\node_modules\@parcel\watcher-darwin-arm64
135 silly reify mark deleted [
135 silly reify   'D:\\Carrera\\Cursos\\TP1\\BACKUP\\TF_TP1_Frontend\\node_modules\\@parcel\\watcher-darwin-arm64'
135 silly reify ]
136 verbose reify failed optional dependency D:\Carrera\Cursos\TP1\BACKUP\TF_TP1_Frontend\node_modules\@parcel\watcher-android-arm64
137 silly reify mark deleted [
137 silly reify   'D:\\Carrera\\Cursos\\TP1\\BACKUP\\TF_TP1_Frontend\\node_modules\\@parcel\\watcher-android-arm64'
137 silly reify ]
138 verbose reify failed optional dependency D:\Carrera\Cursos\TP1\BACKUP\TF_TP1_Frontend\node_modules\@napi-rs\nice-win32-ia32-msvc
139 silly reify mark deleted [
139 silly reify   'D:\\Carrera\\Cursos\\TP1\\BACKUP\\TF_TP1_Frontend\\node_modules\\@napi-rs\\nice-win32-ia32-msvc'
139 silly reify ]
140 verbose reify failed optional dependency D:\Carrera\Cursos\TP1\BACKUP\TF_TP1_Frontend\node_modules\@napi-rs\nice-win32-arm64-msvc
141 silly reify mark deleted [
141 silly reify   'D:\\Carrera\\Cursos\\TP1\\BACKUP\\TF_TP1_Frontend\\node_modules\\@napi-rs\\nice-win32-arm64-msvc'
141 silly reify ]
142 verbose reify failed optional dependency D:\Carrera\Cursos\TP1\BACKUP\TF_TP1_Frontend\node_modules\@napi-rs\nice-openharmony-arm64
143 silly reify mark deleted [
143 silly reify   'D:\\Carrera\\Cursos\\TP1\\BACKUP\\TF_TP1_Frontend\\node_modules\\@napi-rs\\nice-openharmony-arm64'
143 silly reify ]
144 verbose reify failed optional dependency D:\Carrera\Cursos\TP1\BACKUP\TF_TP1_Frontend\node_modules\@napi-rs\nice-linux-x64-musl
145 silly reify mark deleted [
145 silly reify   'D:\\Carrera\\Cursos\\TP1\\BACKUP\\TF_TP1_Frontend\\node_modules\\@napi-rs\\nice-linux-x64-musl'
145 silly reify ]
146 verbose reify failed optional dependency D:\Carrera\Cursos\TP1\BACKUP\TF_TP1_Frontend\node_modules\@napi-rs\nice-linux-x64-gnu
147 silly reify mark deleted [
147 silly reify   'D:\\Carrera\\Cursos\\TP1\\BACKUP\\TF_TP1_Frontend\\node_modules\\@napi-rs\\nice-linux-x64-gnu'
147 silly reify ]
148 verbose reify failed optional dependency D:\Carrera\Cursos\TP1\BACKUP\TF_TP1_Frontend\node_modules\@napi-rs\nice-linux-s390x-gnu
149 silly reify mark deleted [
149 silly reify   'D:\\Carrera\\Cursos\\TP1\\BACKUP\\TF_TP1_Frontend\\node_modules\\@napi-rs\\nice-linux-s390x-gnu'
149 silly reify ]
150 verbose reify failed optional dependency D:\Carrera\Cursos\TP1\BACKUP\TF_TP1_Frontend\node_modules\@napi-rs\nice-linux-riscv64-gnu
151 silly reify mark deleted [
151 silly reify   'D:\\Carrera\\Cursos\\TP1\\BACKUP\\TF_TP1_Frontend\\node_modules\\@napi-rs\\nice-linux-riscv64-gnu'
151 silly reify ]
152 verbose reify failed optional dependency D:\Carrera\Cursos\TP1\BACKUP\TF_TP1_Frontend\node_modules\@napi-rs\nice-linux-ppc64-gnu
153 silly reify mark deleted [
153 silly reify   'D:\\Carrera\\Cursos\\TP1\\BACKUP\\TF_TP1_Frontend\\node_modules\\@napi-rs\\nice-linux-ppc64-gnu'
153 silly reify ]
154 verbose reify failed optional dependency D:\Carrera\Cursos\TP1\BACKUP\TF_TP1_Frontend\node_modules\@napi-rs\nice-linux-arm64-musl
155 silly reify mark deleted [
155 silly reify   'D:\\Carrera\\Cursos\\TP1\\BACKUP\\TF_TP1_Frontend\\node_modules\\@napi-rs\\nice-linux-arm64-musl'
155 silly reify ]
156 verbose reify failed optional dependency D:\Carrera\Cursos\TP1\BACKUP\TF_TP1_Frontend\node_modules\@napi-rs\nice-linux-arm64-gnu
157 silly reify mark deleted [
157 silly reify   'D:\\Carrera\\Cursos\\TP1\\BACKUP\\TF_TP1_Frontend\\node_modules\\@napi-rs\\nice-linux-arm64-gnu'
157 silly reify ]
158 verbose reify failed optional dependency D:\Carrera\Cursos\TP1\BACKUP\TF_TP1_Frontend\node_modules\@napi-rs\nice-linux-arm-gnueabihf
159 silly reify mark deleted [
159 silly reify   'D:\\Carrera\\Cursos\\TP1\\BACKUP\\TF_TP1_Frontend\\node_modules\\@napi-rs\\nice-linux-arm-gnueabihf'
159 silly reify ]
160 verbose reify failed optional dependency D:\Carrera\Cursos\TP1\BACKUP\TF_TP1_Frontend\node_modules\@napi-rs\nice-freebsd-x64
161 silly reify mark deleted [
161 silly reify   'D:\\Carrera\\Cursos\\TP1\\BACKUP\\TF_TP1_Frontend\\node_modules\\@napi-rs\\nice-freebsd-x64'
161 silly reify ]
162 verbose reify failed optional dependency D:\Carrera\Cursos\TP1\BACKUP\TF_TP1_Frontend\node_modules\@napi-rs\nice-darwin-x64
163 silly reify mark deleted [
163 silly reify   'D:\\Carrera\\Cursos\\TP1\\BACKUP\\TF_TP1_Frontend\\node_modules\\@napi-rs\\nice-darwin-x64'
163 silly reify ]
164 verbose reify failed optional dependency D:\Carrera\Cursos\TP1\BACKUP\TF_TP1_Frontend\node_modules\@napi-rs\nice-darwin-arm64
165 silly reify mark deleted [
165 silly reify   'D:\\Carrera\\Cursos\\TP1\\BACKUP\\TF_TP1_Frontend\\node_modules\\@napi-rs\\nice-darwin-arm64'
165 silly reify ]
166 verbose reify failed optional dependency D:\Carrera\Cursos\TP1\BACKUP\TF_TP1_Frontend\node_modules\@napi-rs\nice-android-arm64
167 silly reify mark deleted [
167 silly reify   'D:\\Carrera\\Cursos\\TP1\\BACKUP\\TF_TP1_Frontend\\node_modules\\@napi-rs\\nice-android-arm64'
167 silly reify ]
168 verbose reify failed optional dependency D:\Carrera\Cursos\TP1\BACKUP\TF_TP1_Frontend\node_modules\@napi-rs\nice-android-arm-eabi
169 silly reify mark deleted [
169 silly reify   'D:\\Carrera\\Cursos\\TP1\\BACKUP\\TF_TP1_Frontend\\node_modules\\@napi-rs\\nice-android-arm-eabi'
169 silly reify ]
170 verbose reify failed optional dependency D:\Carrera\Cursos\TP1\BACKUP\TF_TP1_Frontend\node_modules\@msgpackr-extract\msgpackr-extract-linux-x64
171 silly reify mark deleted [
171 silly reify   'D:\\Carrera\\Cursos\\TP1\\BACKUP\\TF_TP1_Frontend\\node_modules\\@msgpackr-extract\\msgpackr-extract-linux-x64'
171 silly reify ]
172 verbose reify failed optional dependency D:\Carrera\Cursos\TP1\BACKUP\TF_TP1_Frontend\node_modules\@msgpackr-extract\msgpackr-extract-linux-arm64
173 silly reify mark deleted [
173 silly reify   'D:\\Carrera\\Cursos\\TP1\\BACKUP\\TF_TP1_Frontend\\node_modules\\@msgpackr-extract\\msgpackr-extract-linux-arm64'
173 silly reify ]
174 verbose reify failed optional dependency D:\Carrera\Cursos\TP1\BACKUP\TF_TP1_Frontend\node_modules\@msgpackr-extract\msgpackr-extract-linux-arm
175 silly reify mark deleted [
175 silly reify   'D:\\Carrera\\Cursos\\TP1\\BACKUP\\TF_TP1_Frontend\\node_modules\\@msgpackr-extract\\msgpackr-extract-linux-arm'
175 silly reify ]
176 verbose reify failed optional dependency D:\Carrera\Cursos\TP1\BACKUP\TF_TP1_Frontend\node_modules\@msgpackr-extract\msgpackr-extract-darwin-x64
177 silly reify mark deleted [
177 silly reify   'D:\\Carrera\\Cursos\\TP1\\BACKUP\\TF_TP1_Frontend\\node_modules\\@msgpackr-extract\\msgpackr-extract-darwin-x64'
177 silly reify ]
178 verbose reify failed optional dependency D:\Carrera\Cursos\TP1\BACKUP\TF_TP1_Frontend\node_modules\@msgpackr-extract\msgpackr-extract-darwin-arm64
179 silly reify mark deleted [
179 silly reify   'D:\\Carrera\\Cursos\\TP1\\BACKUP\\TF_TP1_Frontend\\node_modules\\@msgpackr-extract\\msgpackr-extract-darwin-arm64'
179 silly reify ]
180 verbose reify failed optional dependency D:\Carrera\Cursos\TP1\BACKUP\TF_TP1_Frontend\node_modules\@lmdb\lmdb-linux-x64
181 silly reify mark deleted [
181 silly reify   'D:\\Carrera\\Cursos\\TP1\\BACKUP\\TF_TP1_Frontend\\node_modules\\@lmdb\\lmdb-linux-x64'
181 silly reify ]
182 verbose reify failed optional dependency D:\Carrera\Cursos\TP1\BACKUP\TF_TP1_Frontend\node_modules\@lmdb\lmdb-linux-arm64
183 silly reify mark deleted [
183 silly reify   'D:\\Carrera\\Cursos\\TP1\\BACKUP\\TF_TP1_Frontend\\node_modules\\@lmdb\\lmdb-linux-arm64'
183 silly reify ]
184 verbose reify failed optional dependency D:\Carrera\Cursos\TP1\BACKUP\TF_TP1_Frontend\node_modules\@lmdb\lmdb-linux-arm
185 silly reify mark deleted [
185 silly reify   'D:\\Carrera\\Cursos\\TP1\\BACKUP\\TF_TP1_Frontend\\node_modules\\@lmdb\\lmdb-linux-arm'
185 silly reify ]
186 verbose reify failed optional dependency D:\Carrera\Cursos\TP1\BACKUP\TF_TP1_Frontend\node_modules\@lmdb\lmdb-darwin-x64
187 silly reify mark deleted [
187 silly reify   'D:\\Carrera\\Cursos\\TP1\\BACKUP\\TF_TP1_Frontend\\node_modules\\@lmdb\\lmdb-darwin-x64'
187 silly reify ]
188 verbose reify failed optional dependency D:\Carrera\Cursos\TP1\BACKUP\TF_TP1_Frontend\node_modules\@lmdb\lmdb-darwin-arm64
189 silly reify mark deleted [
189 silly reify   'D:\\Carrera\\Cursos\\TP1\\BACKUP\\TF_TP1_Frontend\\node_modules\\@lmdb\\lmdb-darwin-arm64'
189 silly reify ]
190 verbose reify failed optional dependency D:\Carrera\Cursos\TP1\BACKUP\TF_TP1_Frontend\node_modules\@esbuild\win32-ia32
191 silly reify mark deleted [
191 silly reify   'D:\\Carrera\\Cursos\\TP1\\BACKUP\\TF_TP1_Frontend\\node_modules\\@esbuild\\win32-ia32'
191 silly reify ]
192 verbose reify failed optional dependency D:\Carrera\Cursos\TP1\BACKUP\TF_TP1_Frontend\node_modules\@esbuild\win32-arm64
193 silly reify mark deleted [
193 silly reify   'D:\\Carrera\\Cursos\\TP1\\BACKUP\\TF_TP1_Frontend\\node_modules\\@esbuild\\win32-arm64'
193 silly reify ]
194 verbose reify failed optional dependency D:\Carrera\Cursos\TP1\BACKUP\TF_TP1_Frontend\node_modules\@esbuild\sunos-x64
195 silly reify mark deleted [
195 silly reify   'D:\\Carrera\\Cursos\\TP1\\BACKUP\\TF_TP1_Frontend\\node_modules\\@esbuild\\sunos-x64'
195 silly reify ]
196 verbose reify failed optional dependency D:\Carrera\Cursos\TP1\BACKUP\TF_TP1_Frontend\node_modules\@esbuild\openharmony-arm64
197 silly reify mark deleted [
197 silly reify   'D:\\Carrera\\Cursos\\TP1\\BACKUP\\TF_TP1_Frontend\\node_modules\\@esbuild\\openharmony-arm64'
197 silly reify ]
198 verbose reify failed optional dependency D:\Carrera\Cursos\TP1\BACKUP\TF_TP1_Frontend\node_modules\@esbuild\openbsd-x64
199 silly reify mark deleted [
199 silly reify   'D:\\Carrera\\Cursos\\TP1\\BACKUP\\TF_TP1_Frontend\\node_modules\\@esbuild\\openbsd-x64'
199 silly reify ]
200 verbose reify failed optional dependency D:\Carrera\Cursos\TP1\BACKUP\TF_TP1_Frontend\node_modules\@esbuild\openbsd-arm64
201 silly reify mark deleted [
201 silly reify   'D:\\Carrera\\Cursos\\TP1\\BACKUP\\TF_TP1_Frontend\\node_modules\\@esbuild\\openbsd-arm64'
201 silly reify ]
202 verbose reify failed optional dependency D:\Carrera\Cursos\TP1\BACKUP\TF_TP1_Frontend\node_modules\@esbuild\netbsd-x64
203 silly reify mark deleted [
203 silly reify   'D:\\Carrera\\Cursos\\TP1\\BACKUP\\TF_TP1_Frontend\\node_modules\\@esbuild\\netbsd-x64'
203 silly reify ]
204 verbose reify failed optional dependency D:\Carrera\Cursos\TP1\BACKUP\TF_TP1_Frontend\node_modules\@esbuild\netbsd-arm64
205 silly reify mark deleted [
205 silly reify   'D:\\Carrera\\Cursos\\TP1\\BACKUP\\TF_TP1_Frontend\\node_modules\\@esbuild\\netbsd-arm64'
205 silly reify ]
206 verbose reify failed optional dependency D:\Carrera\Cursos\TP1\BACKUP\TF_TP1_Frontend\node_modules\@esbuild\linux-x64
207 silly reify mark deleted [
207 silly reify   'D:\\Carrera\\Cursos\\TP1\\BACKUP\\TF_TP1_Frontend\\node_modules\\@esbuild\\linux-x64'
207 silly reify ]
208 verbose reify failed optional dependency D:\Carrera\Cursos\TP1\BACKUP\TF_TP1_Frontend\node_modules\@esbuild\linux-s390x
209 silly reify mark deleted [
209 silly reify   'D:\\Carrera\\Cursos\\TP1\\BACKUP\\TF_TP1_Frontend\\node_modules\\@esbuild\\linux-s390x'
209 silly reify ]
210 verbose reify failed optional dependency D:\Carrera\Cursos\TP1\BACKUP\TF_TP1_Frontend\node_modules\@esbuild\linux-riscv64
211 silly reify mark deleted [
211 silly reify   'D:\\Carrera\\Cursos\\TP1\\BACKUP\\TF_TP1_Frontend\\node_modules\\@esbuild\\linux-riscv64'
211 silly reify ]
212 verbose reify failed optional dependency D:\Carrera\Cursos\TP1\BACKUP\TF_TP1_Frontend\node_modules\@esbuild\linux-ppc64
213 silly reify mark deleted [
213 silly reify   'D:\\Carrera\\Cursos\\TP1\\BACKUP\\TF_TP1_Frontend\\node_modules\\@esbuild\\linux-ppc64'
213 silly reify ]
214 verbose reify failed optional dependency D:\Carrera\Cursos\TP1\BACKUP\TF_TP1_Frontend\node_modules\@esbuild\linux-mips64el
215 silly reify mark deleted [
215 silly reify   'D:\\Carrera\\Cursos\\TP1\\BACKUP\\TF_TP1_Frontend\\node_modules\\@esbuild\\linux-mips64el'
215 silly reify ]
216 verbose reify failed optional dependency D:\Carrera\Cursos\TP1\BACKUP\TF_TP1_Frontend\node_modules\@esbuild\linux-loong64
217 silly reify mark deleted [
217 silly reify   'D:\\Carrera\\Cursos\\TP1\\BACKUP\\TF_TP1_Frontend\\node_modules\\@esbuild\\linux-loong64'
217 silly reify ]
218 verbose reify failed optional dependency D:\Carrera\Cursos\TP1\BACKUP\TF_TP1_Frontend\node_modules\@esbuild\linux-ia32
219 silly reify mark deleted [
219 silly reify   'D:\\Carrera\\Cursos\\TP1\\BACKUP\\TF_TP1_Frontend\\node_modules\\@esbuild\\linux-ia32'
219 silly reify ]
220 verbose reify failed optional dependency D:\Carrera\Cursos\TP1\BACKUP\TF_TP1_Frontend\node_modules\@esbuild\linux-arm64
221 silly reify mark deleted [
221 silly reify   'D:\\Carrera\\Cursos\\TP1\\BACKUP\\TF_TP1_Frontend\\node_modules\\@esbuild\\linux-arm64'
221 silly reify ]
222 verbose reify failed optional dependency D:\Carrera\Cursos\TP1\BACKUP\TF_TP1_Frontend\node_modules\@esbuild\linux-arm
223 silly reify mark deleted [
223 silly reify   'D:\\Carrera\\Cursos\\TP1\\BACKUP\\TF_TP1_Frontend\\node_modules\\@esbuild\\linux-arm'
223 silly reify ]
224 verbose reify failed optional dependency D:\Carrera\Cursos\TP1\BACKUP\TF_TP1_Frontend\node_modules\@esbuild\freebsd-x64
225 silly reify mark deleted [
225 silly reify   'D:\\Carrera\\Cursos\\TP1\\BACKUP\\TF_TP1_Frontend\\node_modules\\@esbuild\\freebsd-x64'
225 silly reify ]
226 verbose reify failed optional dependency D:\Carrera\Cursos\TP1\BACKUP\TF_TP1_Frontend\node_modules\@esbuild\freebsd-arm64
227 silly reify mark deleted [
227 silly reify   'D:\\Carrera\\Cursos\\TP1\\BACKUP\\TF_TP1_Frontend\\node_modules\\@esbuild\\freebsd-arm64'
227 silly reify ]
228 verbose reify failed optional dependency D:\Carrera\Cursos\TP1\BACKUP\TF_TP1_Frontend\node_modules\@esbuild\darwin-x64
229 silly reify mark deleted [
229 silly reify   'D:\\Carrera\\Cursos\\TP1\\BACKUP\\TF_TP1_Frontend\\node_modules\\@esbuild\\darwin-x64'
229 silly reify ]
230 verbose reify failed optional dependency D:\Carrera\Cursos\TP1\BACKUP\TF_TP1_Frontend\node_modules\@esbuild\darwin-arm64
231 silly reify mark deleted [
231 silly reify   'D:\\Carrera\\Cursos\\TP1\\BACKUP\\TF_TP1_Frontend\\node_modules\\@esbuild\\darwin-arm64'
231 silly reify ]
232 verbose reify failed optional dependency D:\Carrera\Cursos\TP1\BACKUP\TF_TP1_Frontend\node_modules\@esbuild\android-x64
233 silly reify mark deleted [
233 silly reify   'D:\\Carrera\\Cursos\\TP1\\BACKUP\\TF_TP1_Frontend\\node_modules\\@esbuild\\android-x64'
233 silly reify ]
234 verbose reify failed optional dependency D:\Carrera\Cursos\TP1\BACKUP\TF_TP1_Frontend\node_modules\@esbuild\android-arm64
235 silly reify mark deleted [
235 silly reify   'D:\\Carrera\\Cursos\\TP1\\BACKUP\\TF_TP1_Frontend\\node_modules\\@esbuild\\android-arm64'
235 silly reify ]
236 verbose reify failed optional dependency D:\Carrera\Cursos\TP1\BACKUP\TF_TP1_Frontend\node_modules\@esbuild\android-arm
237 silly reify mark deleted [
237 silly reify   'D:\\Carrera\\Cursos\\TP1\\BACKUP\\TF_TP1_Frontend\\node_modules\\@esbuild\\android-arm'
237 silly reify ]
238 verbose reify failed optional dependency D:\Carrera\Cursos\TP1\BACKUP\TF_TP1_Frontend\node_modules\@esbuild\aix-ppc64
239 silly reify mark deleted [
239 silly reify   'D:\\Carrera\\Cursos\\TP1\\BACKUP\\TF_TP1_Frontend\\node_modules\\@esbuild\\aix-ppc64'
239 silly reify ]
240 verbose reify failed optional dependency D:\Carrera\Cursos\TP1\BACKUP\TF_TP1_Frontend\node_modules\@angular\build\node_modules\@esbuild\win32-ia32
241 silly reify mark deleted [
241 silly reify   'D:\\Carrera\\Cursos\\TP1\\BACKUP\\TF_TP1_Frontend\\node_modules\\@angular\\build\\node_modules\\@esbuild\\win32-ia32'
241 silly reify ]
242 verbose reify failed optional dependency D:\Carrera\Cursos\TP1\BACKUP\TF_TP1_Frontend\node_modules\@angular\build\node_modules\@esbuild\win32-arm64
243 silly reify mark deleted [
243 silly reify   'D:\\Carrera\\Cursos\\TP1\\BACKUP\\TF_TP1_Frontend\\node_modules\\@angular\\build\\node_modules\\@esbuild\\win32-arm64'
243 silly reify ]
244 verbose reify failed optional dependency D:\Carrera\Cursos\TP1\BACKUP\TF_TP1_Frontend\node_modules\@angular\build\node_modules\@esbuild\sunos-x64
245 silly reify mark deleted [
245 silly reify   'D:\\Carrera\\Cursos\\TP1\\BACKUP\\TF_TP1_Frontend\\node_modules\\@angular\\build\\node_modules\\@esbuild\\sunos-x64'
245 silly reify ]
246 verbose reify failed optional dependency D:\Carrera\Cursos\TP1\BACKUP\TF_TP1_Frontend\node_modules\@angular\build\node_modules\@esbuild\openharmony-arm64
247 silly reify mark deleted [
247 silly reify   'D:\\Carrera\\Cursos\\TP1\\BACKUP\\TF_TP1_Frontend\\node_modules\\@angular\\build\\node_modules\\@esbuild\\openharmony-arm64'
247 silly reify ]
248 verbose reify failed optional dependency D:\Carrera\Cursos\TP1\BACKUP\TF_TP1_Frontend\node_modules\@angular\build\node_modules\@esbuild\openbsd-x64
249 silly reify mark deleted [
249 silly reify   'D:\\Carrera\\Cursos\\TP1\\BACKUP\\TF_TP1_Frontend\\node_modules\\@angular\\build\\node_modules\\@esbuild\\openbsd-x64'
249 silly reify ]
250 verbose reify failed optional dependency D:\Carrera\Cursos\TP1\BACKUP\TF_TP1_Frontend\node_modules\@angular\build\node_modules\@esbuild\openbsd-arm64
251 silly reify mark deleted [
251 silly reify   'D:\\Carrera\\Cursos\\TP1\\BACKUP\\TF_TP1_Frontend\\node_modules\\@angular\\build\\node_modules\\@esbuild\\openbsd-arm64'
251 silly reify ]
252 verbose reify failed optional dependency D:\Carrera\Cursos\TP1\BACKUP\TF_TP1_Frontend\node_modules\@angular\build\node_modules\@esbuild\netbsd-x64
253 silly reify mark deleted [
253 silly reify   'D:\\Carrera\\Cursos\\TP1\\BACKUP\\TF_TP1_Frontend\\node_modules\\@angular\\build\\node_modules\\@esbuild\\netbsd-x64'
253 silly reify ]
254 verbose reify failed optional dependency D:\Carrera\Cursos\TP1\BACKUP\TF_TP1_Frontend\node_modules\@angular\build\node_modules\@esbuild\netbsd-arm64
255 silly reify mark deleted [
255 silly reify   'D:\\Carrera\\Cursos\\TP1\\BACKUP\\TF_TP1_Frontend\\node_modules\\@angular\\build\\node_modules\\@esbuild\\netbsd-arm64'
255 silly reify ]
256 verbose reify failed optional dependency D:\Carrera\Cursos\TP1\BACKUP\TF_TP1_Frontend\node_modules\@angular\build\node_modules\@esbuild\linux-x64
257 silly reify mark deleted [
257 silly reify   'D:\\Carrera\\Cursos\\TP1\\BACKUP\\TF_TP1_Frontend\\node_modules\\@angular\\build\\node_modules\\@esbuild\\linux-x64'
257 silly reify ]
258 verbose reify failed optional dependency D:\Carrera\Cursos\TP1\BACKUP\TF_TP1_Frontend\node_modules\@angular\build\node_modules\@esbuild\linux-s390x
259 silly reify mark deleted [
259 silly reify   'D:\\Carrera\\Cursos\\TP1\\BACKUP\\TF_TP1_Frontend\\node_modules\\@angular\\build\\node_modules\\@esbuild\\linux-s390x'
259 silly reify ]
260 verbose reify failed optional dependency D:\Carrera\Cursos\TP1\BACKUP\TF_TP1_Frontend\node_modules\@angular\build\node_modules\@esbuild\linux-riscv64
261 silly reify mark deleted [
261 silly reify   'D:\\Carrera\\Cursos\\TP1\\BACKUP\\TF_TP1_Frontend\\node_modules\\@angular\\build\\node_modules\\@esbuild\\linux-riscv64'
261 silly reify ]
262 verbose reify failed optional dependency D:\Carrera\Cursos\TP1\BACKUP\TF_TP1_Frontend\node_modules\@angular\build\node_modules\@esbuild\linux-ppc64
263 silly reify mark deleted [
263 silly reify   'D:\\Carrera\\Cursos\\TP1\\BACKUP\\TF_TP1_Frontend\\node_modules\\@angular\\build\\node_modules\\@esbuild\\linux-ppc64'
263 silly reify ]
264 verbose reify failed optional dependency D:\Carrera\Cursos\TP1\BACKUP\TF_TP1_Frontend\node_modules\@angular\build\node_modules\@esbuild\linux-mips64el
265 silly reify mark deleted [
265 silly reify   'D:\\Carrera\\Cursos\\TP1\\BACKUP\\TF_TP1_Frontend\\node_modules\\@angular\\build\\node_modules\\@esbuild\\linux-mips64el'
265 silly reify ]
266 verbose reify failed optional dependency D:\Carrera\Cursos\TP1\BACKUP\TF_TP1_Frontend\node_modules\@angular\build\node_modules\@esbuild\linux-loong64
267 silly reify mark deleted [
267 silly reify   'D:\\Carrera\\Cursos\\TP1\\BACKUP\\TF_TP1_Frontend\\node_modules\\@angular\\build\\node_modules\\@esbuild\\linux-loong64'
267 silly reify ]
268 verbose reify failed optional dependency D:\Carrera\Cursos\TP1\BACKUP\TF_TP1_Frontend\node_modules\@angular\build\node_modules\@esbuild\linux-ia32
269 silly reify mark deleted [
269 silly reify   'D:\\Carrera\\Cursos\\TP1\\BACKUP\\TF_TP1_Frontend\\node_modules\\@angular\\build\\node_modules\\@esbuild\\linux-ia32'
269 silly reify ]
270 verbose reify failed optional dependency D:\Carrera\Cursos\TP1\BACKUP\TF_TP1_Frontend\node_modules\@angular\build\node_modules\@esbuild\linux-arm64
271 silly reify mark deleted [
271 silly reify   'D:\\Carrera\\Cursos\\TP1\\BACKUP\\TF_TP1_Frontend\\node_modules\\@angular\\build\\node_modules\\@esbuild\\linux-arm64'
271 silly reify ]
272 verbose reify failed optional dependency D:\Carrera\Cursos\TP1\BACKUP\TF_TP1_Frontend\node_modules\@angular\build\node_modules\@esbuild\linux-arm
273 silly reify mark deleted [
273 silly reify   'D:\\Carrera\\Cursos\\TP1\\BACKUP\\TF_TP1_Frontend\\node_modules\\@angular\\build\\node_modules\\@esbuild\\linux-arm'
273 silly reify ]
274 verbose reify failed optional dependency D:\Carrera\Cursos\TP1\BACKUP\TF_TP1_Frontend\node_modules\@angular\build\node_modules\@esbuild\freebsd-x64
275 silly reify mark deleted [
275 silly reify   'D:\\Carrera\\Cursos\\TP1\\BACKUP\\TF_TP1_Frontend\\node_modules\\@angular\\build\\node_modules\\@esbuild\\freebsd-x64'
275 silly reify ]
276 verbose reify failed optional dependency D:\Carrera\Cursos\TP1\BACKUP\TF_TP1_Frontend\node_modules\@angular\build\node_modules\@esbuild\freebsd-arm64
277 silly reify mark deleted [
277 silly reify   'D:\\Carrera\\Cursos\\TP1\\BACKUP\\TF_TP1_Frontend\\node_modules\\@angular\\build\\node_modules\\@esbuild\\freebsd-arm64'
277 silly reify ]
278 verbose reify failed optional dependency D:\Carrera\Cursos\TP1\BACKUP\TF_TP1_Frontend\node_modules\@angular\build\node_modules\@esbuild\darwin-x64
279 silly reify mark deleted [
279 silly reify   'D:\\Carrera\\Cursos\\TP1\\BACKUP\\TF_TP1_Frontend\\node_modules\\@angular\\build\\node_modules\\@esbuild\\darwin-x64'
279 silly reify ]
280 verbose reify failed optional dependency D:\Carrera\Cursos\TP1\BACKUP\TF_TP1_Frontend\node_modules\@angular\build\node_modules\@esbuild\darwin-arm64
281 silly reify mark deleted [
281 silly reify   'D:\\Carrera\\Cursos\\TP1\\BACKUP\\TF_TP1_Frontend\\node_modules\\@angular\\build\\node_modules\\@esbuild\\darwin-arm64'
281 silly reify ]
282 verbose reify failed optional dependency D:\Carrera\Cursos\TP1\BACKUP\TF_TP1_Frontend\node_modules\@angular\build\node_modules\@esbuild\android-x64
283 silly reify mark deleted [
283 silly reify   'D:\\Carrera\\Cursos\\TP1\\BACKUP\\TF_TP1_Frontend\\node_modules\\@angular\\build\\node_modules\\@esbuild\\android-x64'
283 silly reify ]
284 verbose reify failed optional dependency D:\Carrera\Cursos\TP1\BACKUP\TF_TP1_Frontend\node_modules\@angular\build\node_modules\@esbuild\android-arm64
285 silly reify mark deleted [
285 silly reify   'D:\\Carrera\\Cursos\\TP1\\BACKUP\\TF_TP1_Frontend\\node_modules\\@angular\\build\\node_modules\\@esbuild\\android-arm64'
285 silly reify ]
286 verbose reify failed optional dependency D:\Carrera\Cursos\TP1\BACKUP\TF_TP1_Frontend\node_modules\@angular\build\node_modules\@esbuild\android-arm
287 silly reify mark deleted [
287 silly reify   'D:\\Carrera\\Cursos\\TP1\\BACKUP\\TF_TP1_Frontend\\node_modules\\@angular\\build\\node_modules\\@esbuild\\android-arm'
287 silly reify ]
288 verbose reify failed optional dependency D:\Carrera\Cursos\TP1\BACKUP\TF_TP1_Frontend\node_modules\@angular\build\node_modules\@esbuild\aix-ppc64
289 silly reify mark deleted [
289 silly reify   'D:\\Carrera\\Cursos\\TP1\\BACKUP\\TF_TP1_Frontend\\node_modules\\@angular\\build\\node_modules\\@esbuild\\aix-ppc64'
289 silly reify ]
290 silly tarball no local data for zone.js@https://registry.npmjs.org/zone.js/-/zone.js-0.15.1.tgz. Extracting by manifest.
291 silly tarball no local data for yoctocolors-cjs@https://registry.npmjs.org/yoctocolors-cjs/-/yoctocolors-cjs-2.1.3.tgz. Extracting by manifest.
292 silly tarball no local data for yocto-queue@https://registry.npmjs.org/yocto-queue/-/yocto-queue-1.2.2.tgz. Extracting by manifest.
293 silly tarball no local data for yargs-parser@https://registry.npmjs.org/yargs-parser/-/yargs-parser-21.1.1.tgz. Extracting by manifest.
294 silly tarball no local data for yallist@https://registry.npmjs.org/yallist/-/yallist-3.1.1.tgz. Extracting by manifest.
295 silly tarball no local data for y18n@https://registry.npmjs.org/y18n/-/y18n-5.0.8.tgz. Extracting by manifest.
296 silly tarball no local data for yargs@https://registry.npmjs.org/yargs/-/yargs-17.7.2.tgz. Extracting by manifest.
297 silly tarball no local data for ws@https://registry.npmjs.org/ws/-/ws-8.20.1.tgz. Extracting by manifest.
298 silly tarball no local data for wrappy@https://registry.npmjs.org/wrappy/-/wrappy-1.0.2.tgz. Extracting by manifest.
299 silly tarball no local data for wrap-ansi-cjs@https://registry.npmjs.org/wrap-ansi/-/wrap-ansi-7.0.0.tgz. Extracting by manifest.
300 silly tarball no local data for wrap-ansi@https://registry.npmjs.org/wrap-ansi/-/wrap-ansi-6.2.0.tgz. Extracting by manifest.
301 silly tarball no local data for which@https://registry.npmjs.org/which/-/which-1.3.1.tgz. Extracting by manifest.
302 silly tarball no local data for websocket-extensions@https://registry.npmjs.org/websocket-extensions/-/websocket-extensions-0.1.4.tgz. Extracting by manifest.
303 silly tarball no local data for websocket-driver@https://registry.npmjs.org/websocket-driver/-/websocket-driver-0.7.5.tgz. Extracting by manifest.
304 silly tarball no local data for webpack-merge@https://registry.npmjs.org/webpack-merge/-/webpack-merge-6.0.1.tgz. Extracting by manifest.
305 silly tarball no local data for webpack-subresource-integrity@https://registry.npmjs.org/webpack-subresource-integrity/-/webpack-subresource-integrity-5.1.0.tgz. Extracting by manifest.
306 silly tarball no local data for webpack-sources@https://registry.npmjs.org/webpack-sources/-/webpack-sources-3.5.0.tgz. Extracting by manifest.
307 silly tarball no local data for webpack-dev-server@https://registry.npmjs.org/webpack-dev-server/-/webpack-dev-server-5.2.2.tgz. Extracting by manifest.
308 silly tarball no local data for wildcard@https://registry.npmjs.org/wildcard/-/wildcard-2.0.1.tgz. Extracting by manifest.
309 silly tarball no local data for webpack@https://registry.npmjs.org/webpack/-/webpack-5.105.0.tgz. Extracting by manifest.
310 silly tarball no local data for webpack-dev-middleware@https://registry.npmjs.org/webpack-dev-middleware/-/webpack-dev-middleware-7.4.2.tgz. Extracting by manifest.
311 silly tarball no local data for weak-lru-cache@https://registry.npmjs.org/weak-lru-cache/-/weak-lru-cache-1.2.2.tgz. Extracting by manifest.
312 silly tarball no local data for wbuf@https://registry.npmjs.org/wbuf/-/wbuf-1.7.3.tgz. Extracting by manifest.
313 silly tarball no local data for void-elements@https://registry.npmjs.org/void-elements/-/void-elements-2.0.1.tgz. Extracting by manifest.
314 silly tarball no local data for wcwidth@https://registry.npmjs.org/wcwidth/-/wcwidth-1.0.1.tgz. Extracting by manifest.
315 silly tarball no local data for watchpack@https://registry.npmjs.org/watchpack/-/watchpack-2.4.2.tgz. Extracting by manifest.
316 silly tarball no local data for vite@https://registry.npmjs.org/vite/-/vite-6.4.3.tgz. Extracting by manifest.
317 silly tarball no local data for validate-npm-package-license@https://registry.npmjs.org/validate-npm-package-license/-/validate-npm-package-license-3.0.4.tgz. Extracting by manifest.
318 silly tarball no local data for validate-npm-package-name@https://registry.npmjs.org/validate-npm-package-name/-/validate-npm-package-name-6.0.2.tgz. Extracting by manifest.
319 silly tarball no local data for vary@https://registry.npmjs.org/vary/-/vary-1.1.2.tgz. Extracting by manifest.
320 silly tarball no local data for uuid@https://registry.npmjs.org/uuid/-/uuid-8.3.2.tgz. Extracting by manifest.
321 silly tarball no local data for utils-merge@https://registry.npmjs.org/utils-merge/-/utils-merge-1.0.1.tgz. Extracting by manifest.
322 silly tarball no local data for util-deprecate@https://registry.npmjs.org/util-deprecate/-/util-deprecate-1.0.2.tgz. Extracting by manifest.
323 silly tarball no local data for unpipe@https://registry.npmjs.org/unpipe/-/unpipe-1.0.0.tgz. Extracting by manifest.
324 silly tarball no local data for update-browserslist-db@https://registry.npmjs.org/update-browserslist-db/-/update-browserslist-db-1.2.3.tgz. Extracting by manifest.
325 silly tarball no local data for universalify@https://registry.npmjs.org/universalify/-/universalify-0.1.2.tgz. Extracting by manifest.
326 silly tarball no local data for unicorn-magic@https://registry.npmjs.org/unicorn-magic/-/unicorn-magic-0.3.0.tgz. Extracting by manifest.
327 silly tarball no local data for unique-filename@https://registry.npmjs.org/unique-filename/-/unique-filename-4.0.0.tgz. Extracting by manifest.
328 silly tarball no local data for unique-slug@https://registry.npmjs.org/unique-slug/-/unique-slug-5.0.0.tgz. Extracting by manifest.
329 silly tarball no local data for unicode-match-property-value-ecmascript@https://registry.npmjs.org/unicode-match-property-value-ecmascript/-/unicode-match-property-value-ecmascript-2.2.1.tgz. Extracting by manifest.
330 silly tarball no local data for unicode-property-aliases-ecmascript@https://registry.npmjs.org/unicode-property-aliases-ecmascript/-/unicode-property-aliases-ecmascript-2.2.0.tgz. Extracting by manifest.
331 silly tarball no local data for unicode-match-property-ecmascript@https://registry.npmjs.org/unicode-match-property-ecmascript/-/unicode-match-property-ecmascript-2.0.0.tgz. Extracting by manifest.
332 silly tarball no local data for undici-types@https://registry.npmjs.org/undici-types/-/undici-types-7.24.6.tgz. Extracting by manifest.
333 silly tarball no local data for unicode-canonical-property-names-ecmascript@https://registry.npmjs.org/unicode-canonical-property-names-ecmascript/-/unicode-canonical-property-names-ecmascript-2.0.1.tgz. Extracting by manifest.
334 silly tarball no local data for ua-parser-js@https://registry.npmjs.org/ua-parser-js/-/ua-parser-js-0.7.41.tgz. Extracting by manifest.
335 silly tarball no local data for typescript@https://registry.npmjs.org/typescript/-/typescript-5.7.3.tgz. Extracting by manifest.
336 silly tarball no local data for tuf-js@https://registry.npmjs.org/tuf-js/-/tuf-js-3.1.0.tgz. Extracting by manifest.
337 silly tarball no local data for typed-assert@https://registry.npmjs.org/typed-assert/-/typed-assert-1.0.9.tgz. Extracting by manifest.
338 silly tarball no local data for tslib@https://registry.npmjs.org/tslib/-/tslib-2.8.1.tgz. Extracting by manifest.
339 silly tarball no local data for type-is@https://registry.npmjs.org/type-is/-/type-is-1.6.18.tgz. Extracting by manifest.
340 silly tarball no local data for tree-kill@https://registry.npmjs.org/tree-kill/-/tree-kill-1.2.2.tgz. Extracting by manifest.
341 silly tarball no local data for tree-dump@https://registry.npmjs.org/tree-dump/-/tree-dump-1.1.0.tgz. Extracting by manifest.
342 silly tarball no local data for toidentifier@https://registry.npmjs.org/toidentifier/-/toidentifier-1.0.1.tgz. Extracting by manifest.
343 silly tarball no local data for to-regex-range@https://registry.npmjs.org/to-regex-range/-/to-regex-range-5.0.1.tgz. Extracting by manifest.
344 silly tarball no local data for tmp@https://registry.npmjs.org/tmp/-/tmp-0.2.7.tgz. Extracting by manifest.
345 silly tarball no local data for tinyglobby@https://registry.npmjs.org/tinyglobby/-/tinyglobby-0.2.17.tgz. Extracting by manifest.
346 silly tarball no local data for thunky@https://registry.npmjs.org/thunky/-/thunky-1.1.0.tgz. Extracting by manifest.
347 silly tarball no local data for thingies@https://registry.npmjs.org/thingies/-/thingies-2.6.0.tgz. Extracting by manifest.
348 silly tarball no local data for terser@https://registry.npmjs.org/terser/-/terser-5.39.0.tgz. Extracting by manifest.
349 silly tarball no local data for terser-webpack-plugin@https://registry.npmjs.org/terser-webpack-plugin/-/terser-webpack-plugin-5.6.1.tgz. Extracting by manifest.
350 silly tarball no local data for tapable@https://registry.npmjs.org/tapable/-/tapable-2.3.3.tgz. Extracting by manifest.
351 silly tarball no local data for tar@https://registry.npmjs.org/tar/-/tar-6.2.1.tgz. Extracting by manifest.
352 silly tarball no local data for symbol-observable@https://registry.npmjs.org/symbol-observable/-/symbol-observable-4.0.0.tgz. Extracting by manifest.
353 silly tarball no local data for supports-color@https://registry.npmjs.org/supports-color/-/supports-color-7.2.0.tgz. Extracting by manifest.
354 silly tarball no local data for supports-preserve-symlinks-flag@https://registry.npmjs.org/supports-preserve-symlinks-flag/-/supports-preserve-symlinks-flag-1.0.0.tgz. Extracting by manifest.
355 silly tarball no local data for strip-ansi-cjs@https://registry.npmjs.org/strip-ansi/-/strip-ansi-6.0.1.tgz. Extracting by manifest.
356 silly tarball no local data for strip-ansi@https://registry.npmjs.org/strip-ansi/-/strip-ansi-7.2.0.tgz. Extracting by manifest.
357 silly tarball no local data for statuses@https://registry.npmjs.org/statuses/-/statuses-1.5.0.tgz. Extracting by manifest.
358 silly tarball no local data for string-width-cjs@https://registry.npmjs.org/string-width/-/string-width-4.2.3.tgz. Extracting by manifest.
359 silly tarball no local data for string-width@https://registry.npmjs.org/string-width/-/string-width-7.2.0.tgz. Extracting by manifest.
360 silly tarball no local data for string_decoder@https://registry.npmjs.org/string_decoder/-/string_decoder-1.3.0.tgz. Extracting by manifest.
361 silly tarball no local data for ssri@https://registry.npmjs.org/ssri/-/ssri-12.0.0.tgz. Extracting by manifest.
362 silly tarball no local data for streamroller@https://registry.npmjs.org/streamroller/-/streamroller-3.1.5.tgz. Extracting by manifest.
363 silly tarball no local data for spdy-transport@https://registry.npmjs.org/spdy-transport/-/spdy-transport-3.0.0.tgz. Extracting by manifest.
364 silly tarball no local data for spdx-license-ids@https://registry.npmjs.org/spdx-license-ids/-/spdx-license-ids-3.0.23.tgz. Extracting by manifest.
365 silly tarball no local data for spdy@https://registry.npmjs.org/spdy/-/spdy-4.0.2.tgz. Extracting by manifest.
366 silly tarball no local data for spdx-expression-parse@https://registry.npmjs.org/spdx-expression-parse/-/spdx-expression-parse-3.0.1.tgz. Extracting by manifest.
367 silly tarball no local data for spdx-exceptions@https://registry.npmjs.org/spdx-exceptions/-/spdx-exceptions-2.5.0.tgz. Extracting by manifest.
368 silly tarball no local data for spdx-correct@https://registry.npmjs.org/spdx-correct/-/spdx-correct-3.2.0.tgz. Extracting by manifest.
369 silly tarball no local data for source-map-loader@https://registry.npmjs.org/source-map-loader/-/source-map-loader-5.0.0.tgz. Extracting by manifest.
370 silly tarball no local data for source-map-support@https://registry.npmjs.org/source-map-support/-/source-map-support-0.5.21.tgz. Extracting by manifest.
371 silly tarball no local data for source-map-js@https://registry.npmjs.org/source-map-js/-/source-map-js-1.2.1.tgz. Extracting by manifest.
372 silly tarball no local data for source-map@https://registry.npmjs.org/source-map/-/source-map-0.7.4.tgz. Extracting by manifest.
373 silly tarball no local data for socks-proxy-agent@https://registry.npmjs.org/socks-proxy-agent/-/socks-proxy-agent-8.0.5.tgz. Extracting by manifest.
374 silly tarball no local data for sockjs@https://registry.npmjs.org/sockjs/-/sockjs-0.3.24.tgz. Extracting by manifest.
375 silly tarball no local data for socks@https://registry.npmjs.org/socks/-/socks-2.8.9.tgz. Extracting by manifest.
376 silly tarball no local data for socket.io-parser@https://registry.npmjs.org/socket.io-parser/-/socket.io-parser-4.2.6.tgz. Extracting by manifest.
377 silly tarball no local data for socket.io-adapter@https://registry.npmjs.org/socket.io-adapter/-/socket.io-adapter-2.5.7.tgz. Extracting by manifest.
378 silly tarball no local data for socket.io@https://registry.npmjs.org/socket.io/-/socket.io-4.8.3.tgz. Extracting by manifest.
379 silly tarball no local data for smart-buffer@https://registry.npmjs.org/smart-buffer/-/smart-buffer-4.2.0.tgz. Extracting by manifest.
380 silly tarball no local data for slice-ansi@https://registry.npmjs.org/slice-ansi/-/slice-ansi-5.0.0.tgz. Extracting by manifest.
381 silly tarball no local data for slash@https://registry.npmjs.org/slash/-/slash-5.1.0.tgz. Extracting by manifest.
382 silly tarball no local data for sigstore@https://registry.npmjs.org/sigstore/-/sigstore-3.1.0.tgz. Extracting by manifest.
383 silly tarball no local data for side-channel-weakmap@https://registry.npmjs.org/side-channel-weakmap/-/side-channel-weakmap-1.0.2.tgz. Extracting by manifest.
384 silly tarball no local data for signal-exit@https://registry.npmjs.org/signal-exit/-/signal-exit-4.1.0.tgz. Extracting by manifest.
385 silly tarball no local data for side-channel-map@https://registry.npmjs.org/side-channel-map/-/side-channel-map-1.0.1.tgz. Extracting by manifest.
386 silly tarball no local data for side-channel-list@https://registry.npmjs.org/side-channel-list/-/side-channel-list-1.0.1.tgz. Extracting by manifest.
387 silly tarball no local data for shell-quote@https://registry.npmjs.org/shell-quote/-/shell-quote-1.8.4.tgz. Extracting by manifest.
388 silly tarball no local data for side-channel@https://registry.npmjs.org/side-channel/-/side-channel-1.1.1.tgz. Extracting by manifest.
389 silly tarball no local data for shebang-regex@https://registry.npmjs.org/shebang-regex/-/shebang-regex-3.0.0.tgz. Extracting by manifest.
390 silly tarball no local data for shebang-command@https://registry.npmjs.org/shebang-command/-/shebang-command-2.0.0.tgz. Extracting by manifest.
391 silly tarball no local data for shallow-clone@https://registry.npmjs.org/shallow-clone/-/shallow-clone-3.0.1.tgz. Extracting by manifest.
392 silly tarball no local data for serve-index@https://registry.npmjs.org/serve-index/-/serve-index-1.9.2.tgz. Extracting by manifest.
393 silly tarball no local data for setprototypeof@https://registry.npmjs.org/setprototypeof/-/setprototypeof-1.2.0.tgz. Extracting by manifest.
394 silly tarball no local data for serialize-javascript@https://registry.npmjs.org/serialize-javascript/-/serialize-javascript-6.0.2.tgz. Extracting by manifest.
395 silly tarball no local data for serve-static@https://registry.npmjs.org/serve-static/-/serve-static-1.16.3.tgz. Extracting by manifest.
396 silly tarball no local data for send@https://registry.npmjs.org/send/-/send-0.19.2.tgz. Extracting by manifest.
397 silly tarball no local data for semver@https://registry.npmjs.org/semver/-/semver-7.7.1.tgz. Extracting by manifest.
398 silly tarball no local data for selfsigned@https://registry.npmjs.org/selfsigned/-/selfsigned-2.4.1.tgz. Extracting by manifest.
399 silly tarball no local data for schema-utils@https://registry.npmjs.org/schema-utils/-/schema-utils-4.3.3.tgz. Extracting by manifest.
400 silly tarball no local data for select-hose@https://registry.npmjs.org/select-hose/-/select-hose-2.0.0.tgz. Extracting by manifest.
401 silly tarball no local data for sax@https://registry.npmjs.org/sax/-/sax-1.6.0.tgz. Extracting by manifest.
402 silly tarball no local data for sass-loader@https://registry.npmjs.org/sass-loader/-/sass-loader-16.0.5.tgz. Extracting by manifest.
403 silly tarball no local data for safer-buffer@https://registry.npmjs.org/safer-buffer/-/safer-buffer-2.1.2.tgz. Extracting by manifest.
404 silly tarball no local data for sass@https://registry.npmjs.org/sass/-/sass-1.85.0.tgz. Extracting by manifest.
405 silly tarball no local data for safe-buffer@https://registry.npmjs.org/safe-buffer/-/safe-buffer-5.2.1.tgz. Extracting by manifest.
406 silly tarball no local data for safe-regex-test@https://registry.npmjs.org/safe-regex-test/-/safe-regex-test-1.1.0.tgz. Extracting by manifest.
407 silly tarball no local data for run-parallel@https://registry.npmjs.org/run-parallel/-/run-parallel-1.2.0.tgz. Extracting by manifest.
408 silly tarball no local data for rxjs@https://registry.npmjs.org/rxjs/-/rxjs-7.8.2.tgz. Extracting by manifest.
409 silly tarball no local data for run-applescript@https://registry.npmjs.org/run-applescript/-/run-applescript-7.1.0.tgz. Extracting by manifest.
410 silly tarball no local data for rollup@https://registry.npmjs.org/rollup/-/rollup-4.59.0.tgz. Extracting by manifest.
411 silly tarball no local data for rimraf@https://registry.npmjs.org/rimraf/-/rimraf-3.0.2.tgz. Extracting by manifest.
412 silly tarball no local data for rfdc@https://registry.npmjs.org/rfdc/-/rfdc-1.4.1.tgz. Extracting by manifest.
413 silly tarball no local data for reusify@https://registry.npmjs.org/reusify/-/reusify-1.1.0.tgz. Extracting by manifest.
414 silly tarball no local data for retry@https://registry.npmjs.org/retry/-/retry-0.12.0.tgz. Extracting by manifest.
415 silly tarball no local data for restore-cursor@https://registry.npmjs.org/restore-cursor/-/restore-cursor-5.1.0.tgz. Extracting by manifest.
416 silly tarball no local data for resolve-url-loader@https://registry.npmjs.org/resolve-url-loader/-/resolve-url-loader-5.0.0.tgz. Extracting by manifest.
417 silly tarball no local data for resolve-from@https://registry.npmjs.org/resolve-from/-/resolve-from-4.0.0.tgz. Extracting by manifest.
418 silly tarball no local data for resolve@https://registry.npmjs.org/resolve/-/resolve-1.22.10.tgz. Extracting by manifest.
419 silly tarball no local data for requires-port@https://registry.npmjs.org/requires-port/-/requires-port-1.0.0.tgz. Extracting by manifest.
420 silly tarball no local data for require-from-string@https://registry.npmjs.org/require-from-string/-/require-from-string-2.0.2.tgz. Extracting by manifest.
421 silly tarball no local data for require-directory@https://registry.npmjs.org/require-directory/-/require-directory-2.1.1.tgz. Extracting by manifest.
422 silly tarball no local data for regjsgen@https://registry.npmjs.org/regjsgen/-/regjsgen-0.8.0.tgz. Extracting by manifest.
423 silly tarball no local data for regjsparser@https://registry.npmjs.org/regjsparser/-/regjsparser-0.13.2.tgz. Extracting by manifest.
424 silly tarball no local data for regexpu-core@https://registry.npmjs.org/regexpu-core/-/regexpu-core-6.4.0.tgz. Extracting by manifest.
425 silly tarball no local data for regex-parser@https://registry.npmjs.org/regex-parser/-/regex-parser-2.3.1.tgz. Extracting by manifest.
426 silly tarball no local data for regenerate-unicode-properties@https://registry.npmjs.org/regenerate-unicode-properties/-/regenerate-unicode-properties-10.2.2.tgz. Extracting by manifest.
427 silly tarball no local data for regenerator-runtime@https://registry.npmjs.org/regenerator-runtime/-/regenerator-runtime-0.14.1.tgz. Extracting by manifest.
428 silly tarball no local data for reflect-metadata@https://registry.npmjs.org/reflect-metadata/-/reflect-metadata-0.2.2.tgz. Extracting by manifest.
429 silly tarball no local data for regenerate@https://registry.npmjs.org/regenerate/-/regenerate-1.4.2.tgz. Extracting by manifest.
430 silly tarball no local data for readdirp@https://registry.npmjs.org/readdirp/-/readdirp-4.1.2.tgz. Extracting by manifest.
431 silly tarball no local data for readable-stream@https://registry.npmjs.org/readable-stream/-/readable-stream-3.6.2.tgz. Extracting by manifest.
432 silly tarball no local data for raw-body@https://registry.npmjs.org/raw-body/-/raw-body-2.5.3.tgz. Extracting by manifest.
433 silly tarball no local data for range-parser@https://registry.npmjs.org/range-parser/-/range-parser-1.2.1.tgz. Extracting by manifest.
434 silly tarball no local data for randombytes@https://registry.npmjs.org/randombytes/-/randombytes-2.1.0.tgz. Extracting by manifest.
435 silly tarball no local data for qs@https://registry.npmjs.org/qs/-/qs-6.15.2.tgz. Extracting by manifest.
436 silly tarball no local data for queue-microtask@https://registry.npmjs.org/queue-microtask/-/queue-microtask-1.2.3.tgz. Extracting by manifest.
437 silly tarball no local data for prr@https://registry.npmjs.org/prr/-/prr-1.0.1.tgz. Extracting by manifest.
438 silly tarball no local data for qjobs@https://registry.npmjs.org/qjobs/-/qjobs-1.2.0.tgz. Extracting by manifest.
439 silly tarball no local data for proxy-addr@https://registry.npmjs.org/proxy-addr/-/proxy-addr-2.0.7.tgz. Extracting by manifest.
440 silly tarball no local data for promise-retry@https://registry.npmjs.org/promise-retry/-/promise-retry-2.0.1.tgz. Extracting by manifest.
441 silly tarball no local data for process-nextick-args@https://registry.npmjs.org/process-nextick-args/-/process-nextick-args-2.0.1.tgz. Extracting by manifest.
442 silly tarball no local data for proc-log@https://registry.npmjs.org/proc-log/-/proc-log-5.0.0.tgz. Extracting by manifest.
443 silly tarball no local data for postcss-selector-parser@https://registry.npmjs.org/postcss-selector-parser/-/postcss-selector-parser-7.1.4.tgz. Extracting by manifest.
444 silly tarball no local data for punycode@https://registry.npmjs.org/punycode/-/punycode-1.4.1.tgz. Extracting by manifest.
445 silly tarball no local data for postcss-modules-local-by-default@https://registry.npmjs.org/postcss-modules-local-by-default/-/postcss-modules-local-by-default-4.2.0.tgz. Extracting by manifest.
446 silly tarball no local data for postcss-modules-scope@https://registry.npmjs.org/postcss-modules-scope/-/postcss-modules-scope-3.2.1.tgz. Extracting by manifest.
447 silly tarball no local data for postcss-modules-extract-imports@https://registry.npmjs.org/postcss-modules-extract-imports/-/postcss-modules-extract-imports-3.1.0.tgz. Extracting by manifest.
448 silly tarball no local data for postcss-media-query-parser@https://registry.npmjs.org/postcss-media-query-parser/-/postcss-media-query-parser-0.2.3.tgz. Extracting by manifest.
449 silly tarball no local data for postcss-loader@https://registry.npmjs.org/postcss-loader/-/postcss-loader-8.1.1.tgz. Extracting by manifest.
450 silly tarball no local data for postcss@https://registry.npmjs.org/postcss/-/postcss-8.5.12.tgz. Extracting by manifest.
451 silly tarball no local data for postcss-modules-values@https://registry.npmjs.org/postcss-modules-values/-/postcss-modules-values-4.0.0.tgz. Extracting by manifest.
452 silly tarball no local data for pkg-dir@https://registry.npmjs.org/pkg-dir/-/pkg-dir-7.0.0.tgz. Extracting by manifest.
453 silly tarball no local data for postcss-value-parser@https://registry.npmjs.org/postcss-value-parser/-/postcss-value-parser-4.2.0.tgz. Extracting by manifest.
454 silly tarball no local data for piscina@https://registry.npmjs.org/piscina/-/piscina-4.8.0.tgz. Extracting by manifest.
455 silly tarball no local data for pify@https://registry.npmjs.org/pify/-/pify-4.0.1.tgz. Extracting by manifest.
456 silly tarball no local data for picomatch@https://registry.npmjs.org/picomatch/-/picomatch-4.0.4.tgz. Extracting by manifest.
457 silly tarball no local data for picocolors@https://registry.npmjs.org/picocolors/-/picocolors-1.1.1.tgz. Extracting by manifest.
458 silly tarball no local data for path-to-regexp@https://registry.npmjs.org/path-to-regexp/-/path-to-regexp-0.1.13.tgz. Extracting by manifest.
459 silly tarball no local data for path-type@https://registry.npmjs.org/path-type/-/path-type-6.0.0.tgz. Extracting by manifest.
460 silly tarball no local data for path-scurry@https://registry.npmjs.org/path-scurry/-/path-scurry-1.11.1.tgz. Extracting by manifest.
461 silly tarball no local data for path-parse@https://registry.npmjs.org/path-parse/-/path-parse-1.0.7.tgz. Extracting by manifest.
462 silly tarball no local data for path-key@https://registry.npmjs.org/path-key/-/path-key-3.1.1.tgz. Extracting by manifest.
463 silly tarball no local data for path-is-absolute@https://registry.npmjs.org/path-is-absolute/-/path-is-absolute-1.0.1.tgz. Extracting by manifest.
464 silly tarball no local data for path-exists@https://registry.npmjs.org/path-exists/-/path-exists-5.0.0.tgz. Extracting by manifest.
465 silly tarball no local data for parseurl@https://registry.npmjs.org/parseurl/-/parseurl-1.3.3.tgz. Extracting by manifest.
466 silly tarball no local data for parse5-sax-parser@https://registry.npmjs.org/parse5-sax-parser/-/parse5-sax-parser-7.0.0.tgz. Extracting by manifest.
467 silly tarball no local data for parse5-html-rewriting-stream@https://registry.npmjs.org/parse5-html-rewriting-stream/-/parse5-html-rewriting-stream-7.0.0.tgz. Extracting by manifest.
468 silly tarball no local data for parse5@https://registry.npmjs.org/parse5/-/parse5-7.3.0.tgz. Extracting by manifest.
469 silly tarball no local data for parent-module@https://registry.npmjs.org/parent-module/-/parent-module-1.0.1.tgz. Extracting by manifest.
470 silly tarball no local data for parse-node-version@https://registry.npmjs.org/parse-node-version/-/parse-node-version-1.0.1.tgz. Extracting by manifest.
471 silly tarball no local data for parse-json@https://registry.npmjs.org/parse-json/-/parse-json-5.2.0.tgz. Extracting by manifest.
472 silly tarball no local data for pacote@https://registry.npmjs.org/pacote/-/pacote-20.0.0.tgz. Extracting by manifest.
473 silly tarball no local data for package-json-from-dist@https://registry.npmjs.org/package-json-from-dist/-/package-json-from-dist-1.0.1.tgz. Extracting by manifest.
474 silly tarball no local data for p-map@https://registry.npmjs.org/p-map/-/p-map-7.0.4.tgz. Extracting by manifest.
475 silly tarball no local data for p-retry@https://registry.npmjs.org/p-retry/-/p-retry-6.2.1.tgz. Extracting by manifest.
476 silly tarball no local data for p-locate@https://registry.npmjs.org/p-locate/-/p-locate-6.0.0.tgz. Extracting by manifest.
477 silly tarball no local data for p-limit@https://registry.npmjs.org/p-limit/-/p-limit-4.0.0.tgz. Extracting by manifest.
478 silly tarball no local data for ora@https://registry.npmjs.org/ora/-/ora-5.4.1.tgz. Extracting by manifest.
479 silly tarball no local data for ordered-binary@https://registry.npmjs.org/ordered-binary/-/ordered-binary-1.6.1.tgz. Extracting by manifest.
480 silly tarball no local data for open@https://registry.npmjs.org/open/-/open-10.1.0.tgz. Extracting by manifest.
481 silly tarball no local data for onetime@https://registry.npmjs.org/onetime/-/onetime-7.0.0.tgz. Extracting by manifest.
482 silly tarball no local data for once@https://registry.npmjs.org/once/-/once-1.4.0.tgz. Extracting by manifest.
483 silly tarball no local data for on-headers@https://registry.npmjs.org/on-headers/-/on-headers-1.1.0.tgz. Extracting by manifest.
484 silly tarball no local data for on-finished@https://registry.npmjs.org/on-finished/-/on-finished-2.4.1.tgz. Extracting by manifest.
485 silly tarball no local data for obuf@https://registry.npmjs.org/obuf/-/obuf-1.1.2.tgz. Extracting by manifest.
486 silly tarball no local data for object-assign@https://registry.npmjs.org/object-assign/-/object-assign-4.1.1.tgz. Extracting by manifest.
487 silly tarball no local data for object-inspect@https://registry.npmjs.org/object-inspect/-/object-inspect-1.13.4.tgz. Extracting by manifest.
488 silly tarball no local data for nth-check@https://registry.npmjs.org/nth-check/-/nth-check-2.1.1.tgz. Extracting by manifest.
489 silly tarball no local data for npm-registry-fetch@https://registry.npmjs.org/npm-registry-fetch/-/npm-registry-fetch-18.0.2.tgz. Extracting by manifest.
490 silly tarball no local data for npm-packlist@https://registry.npmjs.org/npm-packlist/-/npm-packlist-9.0.0.tgz. Extracting by manifest.
491 silly tarball no local data for npm-pick-manifest@https://registry.npmjs.org/npm-pick-manifest/-/npm-pick-manifest-10.0.0.tgz. Extracting by manifest.
492 silly tarball no local data for npm-package-arg@https://registry.npmjs.org/npm-package-arg/-/npm-package-arg-12.0.2.tgz. Extracting by manifest.
493 silly tarball no local data for npm-normalize-package-bin@https://registry.npmjs.org/npm-normalize-package-bin/-/npm-normalize-package-bin-4.0.0.tgz. Extracting by manifest.
494 silly tarball no local data for npm-install-checks@https://registry.npmjs.org/npm-install-checks/-/npm-install-checks-7.1.2.tgz. Extracting by manifest.
495 silly tarball no local data for normalize-range@https://registry.npmjs.org/normalize-range/-/normalize-range-0.1.2.tgz. Extracting by manifest.
496 silly tarball no local data for npm-bundled@https://registry.npmjs.org/npm-bundled/-/npm-bundled-4.0.0.tgz. Extracting by manifest.
497 silly tarball no local data for normalize-path@https://registry.npmjs.org/normalize-path/-/normalize-path-3.0.0.tgz. Extracting by manifest.
498 silly tarball no local data for nopt@https://registry.npmjs.org/nopt/-/nopt-8.1.0.tgz. Extracting by manifest.
499 silly tarball no local data for node-gyp-build-optional-packages@https://registry.npmjs.org/node-gyp-build-optional-packages/-/node-gyp-build-optional-packages-5.2.2.tgz. Extracting by manifest.
500 silly tarball no local data for node-releases@https://registry.npmjs.org/node-releases/-/node-releases-2.0.47.tgz. Extracting by manifest.
501 silly tarball no local data for node-gyp@https://registry.npmjs.org/node-gyp/-/node-gyp-11.5.0.tgz. Extracting by manifest.
502 silly tarball no local data for node-addon-api@https://registry.npmjs.org/node-addon-api/-/node-addon-api-6.1.0.tgz. Extracting by manifest.
503 silly tarball no local data for node-forge@https://registry.npmjs.org/node-forge/-/node-forge-1.4.0.tgz. Extracting by manifest.
504 silly tarball no local data for neo-async@https://registry.npmjs.org/neo-async/-/neo-async-2.6.2.tgz. Extracting by manifest.
505 silly tarball no local data for negotiator@https://registry.npmjs.org/negotiator/-/negotiator-1.0.0.tgz. Extracting by manifest.
506 silly tarball no local data for needle@https://registry.npmjs.org/needle/-/needle-3.5.0.tgz. Extracting by manifest.
507 silly tarball no local data for nanoid@https://registry.npmjs.org/nanoid/-/nanoid-3.3.12.tgz. Extracting by manifest.
508 silly tarball no local data for mute-stream@https://registry.npmjs.org/mute-stream/-/mute-stream-2.0.0.tgz. Extracting by manifest.
509 silly tarball no local data for multicast-dns@https://registry.npmjs.org/multicast-dns/-/multicast-dns-7.2.5.tgz. Extracting by manifest.
510 silly tarball no local data for msgpackr-extract@https://registry.npmjs.org/msgpackr-extract/-/msgpackr-extract-3.0.4.tgz. Extracting by manifest.
511 silly tarball no local data for msgpackr@https://registry.npmjs.org/msgpackr/-/msgpackr-1.12.1.tgz. Extracting by manifest.
512 silly tarball no local data for ms@https://registry.npmjs.org/ms/-/ms-2.1.3.tgz. Extracting by manifest.
513 silly tarball no local data for mkdirp@https://registry.npmjs.org/mkdirp/-/mkdirp-0.5.6.tgz. Extracting by manifest.
514 silly tarball no local data for minizlib@https://registry.npmjs.org/minizlib/-/minizlib-3.1.0.tgz. Extracting by manifest.
515 silly tarball no local data for mrmime@https://registry.npmjs.org/mrmime/-/mrmime-2.0.1.tgz. Extracting by manifest.
516 silly tarball no local data for minipass-flush@https://registry.npmjs.org/minipass-flush/-/minipass-flush-1.0.7.tgz. Extracting by manifest.
517 silly tarball no local data for minipass-sized@https://registry.npmjs.org/minipass-sized/-/minipass-sized-1.0.3.tgz. Extracting by manifest.
518 silly tarball no local data for minipass-pipeline@https://registry.npmjs.org/minipass-pipeline/-/minipass-pipeline-1.2.4.tgz. Extracting by manifest.
519 silly tarball no local data for minipass-fetch@https://registry.npmjs.org/minipass-fetch/-/minipass-fetch-4.0.1.tgz. Extracting by manifest.
520 silly tarball no local data for minipass-collect@https://registry.npmjs.org/minipass-collect/-/minipass-collect-2.0.1.tgz. Extracting by manifest.
521 silly tarball no local data for minimist@https://registry.npmjs.org/minimist/-/minimist-1.2.8.tgz. Extracting by manifest.
522 silly tarball no local data for minimalistic-assert@https://registry.npmjs.org/minimalistic-assert/-/minimalistic-assert-1.0.1.tgz. Extracting by manifest.
523 silly tarball no local data for minimatch@https://registry.npmjs.org/minimatch/-/minimatch-3.1.5.tgz. Extracting by manifest.
524 silly tarball no local data for mini-css-extract-plugin@https://registry.npmjs.org/mini-css-extract-plugin/-/mini-css-extract-plugin-2.9.2.tgz. Extracting by manifest.
525 silly tarball no local data for minipass@https://registry.npmjs.org/minipass/-/minipass-7.1.3.tgz. Extracting by manifest.
526 silly tarball no local data for mime-types@https://registry.npmjs.org/mime-types/-/mime-types-2.1.35.tgz. Extracting by manifest.
527 silly tarball no local data for mimic-fn@https://registry.npmjs.org/mimic-fn/-/mimic-fn-2.1.0.tgz. Extracting by manifest.
528 silly tarball no local data for mime-db@https://registry.npmjs.org/mime-db/-/mime-db-1.52.0.tgz. Extracting by manifest.
529 silly tarball no local data for mimic-function@https://registry.npmjs.org/mimic-function/-/mimic-function-5.0.1.tgz. Extracting by manifest.
530 silly tarball no local data for micromatch@https://registry.npmjs.org/micromatch/-/micromatch-4.0.8.tgz. Extracting by manifest.
531 silly tarball no local data for mime@https://registry.npmjs.org/mime/-/mime-2.6.0.tgz. Extracting by manifest.
532 silly tarball no local data for merge-stream@https://registry.npmjs.org/merge-stream/-/merge-stream-2.0.0.tgz. Extracting by manifest.
533 silly tarball no local data for merge2@https://registry.npmjs.org/merge2/-/merge2-1.4.1.tgz. Extracting by manifest.
534 silly tarball no local data for methods@https://registry.npmjs.org/methods/-/methods-1.1.2.tgz. Extracting by manifest.
535 silly tarball no local data for merge-descriptors@https://registry.npmjs.org/merge-descriptors/-/merge-descriptors-1.0.3.tgz. Extracting by manifest.
536 silly tarball no local data for memfs@https://registry.npmjs.org/memfs/-/memfs-4.57.7.tgz. Extracting by manifest.
537 silly tarball no local data for media-typer@https://registry.npmjs.org/media-typer/-/media-typer-0.3.0.tgz. Extracting by manifest.
538 silly tarball no local data for math-intrinsics@https://registry.npmjs.org/math-intrinsics/-/math-intrinsics-1.1.0.tgz. Extracting by manifest.
539 silly tarball no local data for make-dir@https://registry.npmjs.org/make-dir/-/make-dir-4.0.0.tgz. Extracting by manifest.
540 silly tarball no local data for magic-string@https://registry.npmjs.org/magic-string/-/magic-string-0.30.17.tgz. Extracting by manifest.
541 silly tarball no local data for make-fetch-happen@https://registry.npmjs.org/make-fetch-happen/-/make-fetch-happen-14.0.3.tgz. Extracting by manifest.
542 silly tarball no local data for lru-cache@https://registry.npmjs.org/lru-cache/-/lru-cache-5.1.1.tgz. Extracting by manifest.
543 silly tarball no local data for log4js@https://registry.npmjs.org/log4js/-/log4js-6.9.1.tgz. Extracting by manifest.
544 silly tarball no local data for log-update@https://registry.npmjs.org/log-update/-/log-update-6.1.0.tgz. Extracting by manifest.
545 silly tarball no local data for log-symbols@https://registry.npmjs.org/log-symbols/-/log-symbols-4.1.0.tgz. Extracting by manifest.
546 silly tarball no local data for loader-utils@https://registry.npmjs.org/loader-utils/-/loader-utils-3.3.1.tgz. Extracting by manifest.
547 silly tarball no local data for lodash@https://registry.npmjs.org/lodash/-/lodash-4.18.1.tgz. Extracting by manifest.
548 silly tarball no local data for locate-path@https://registry.npmjs.org/locate-path/-/locate-path-7.2.0.tgz. Extracting by manifest.
549 silly tarball no local data for loader-runner@https://registry.npmjs.org/loader-runner/-/loader-runner-4.3.2.tgz. Extracting by manifest.
550 silly tarball no local data for lmdb@https://registry.npmjs.org/lmdb/-/lmdb-3.2.6.tgz. Extracting by manifest.
551 silly tarball no local data for lines-and-columns@https://registry.npmjs.org/lines-and-columns/-/lines-and-columns-1.2.4.tgz. Extracting by manifest.
552 silly tarball no local data for license-webpack-plugin@https://registry.npmjs.org/license-webpack-plugin/-/license-webpack-plugin-4.0.2.tgz. Extracting by manifest.
553 silly tarball no local data for less-loader@https://registry.npmjs.org/less-loader/-/less-loader-12.2.0.tgz. Extracting by manifest.
554 silly tarball no local data for launch-editor@https://registry.npmjs.org/launch-editor/-/launch-editor-2.14.1.tgz. Extracting by manifest.
555 silly tarball no local data for less@https://registry.npmjs.org/less/-/less-4.2.2.tgz. Extracting by manifest.
556 silly tarball no local data for listr2@https://registry.npmjs.org/listr2/-/listr2-8.2.5.tgz. Extracting by manifest.
557 silly tarball no local data for kind-of@https://registry.npmjs.org/kind-of/-/kind-of-6.0.3.tgz. Extracting by manifest.
558 silly tarball no local data for karma-source-map-support@https://registry.npmjs.org/karma-source-map-support/-/karma-source-map-support-1.4.0.tgz. Extracting by manifest.
559 silly tarball no local data for lodash.debounce@https://registry.npmjs.org/lodash.debounce/-/lodash.debounce-4.0.8.tgz. Extracting by manifest.
560 silly tarball no local data for karma-coverage@https://registry.npmjs.org/karma-coverage/-/karma-coverage-2.2.1.tgz. Extracting by manifest.
561 silly tarball no local data for karma-chrome-launcher@https://registry.npmjs.org/karma-chrome-launcher/-/karma-chrome-launcher-3.2.0.tgz. Extracting by manifest.
562 silly tarball no local data for karma@https://registry.npmjs.org/karma/-/karma-6.4.4.tgz. Extracting by manifest.
563 silly tarball no local data for jsonfile@https://registry.npmjs.org/jsonfile/-/jsonfile-4.0.0.tgz. Extracting by manifest.
564 silly tarball no local data for jsonparse@https://registry.npmjs.org/jsonparse/-/jsonparse-1.3.1.tgz. Extracting by manifest.
565 silly tarball no local data for jsonc-parser@https://registry.npmjs.org/jsonc-parser/-/jsonc-parser-3.3.1.tgz. Extracting by manifest.
566 silly tarball no local data for json5@https://registry.npmjs.org/json5/-/json5-2.2.3.tgz. Extracting by manifest.
567 silly tarball no local data for json-parse-even-better-errors@https://registry.npmjs.org/json-parse-even-better-errors/-/json-parse-even-better-errors-4.0.0.tgz. Extracting by manifest.
568 silly tarball no local data for json-schema-traverse@https://registry.npmjs.org/json-schema-traverse/-/json-schema-traverse-1.0.0.tgz. Extracting by manifest.
569 silly tarball no local data for karma-jasmine@https://registry.npmjs.org/karma-jasmine/-/karma-jasmine-5.1.0.tgz. Extracting by manifest.
570 silly tarball no local data for karma-jasmine-html-reporter@https://registry.npmjs.org/karma-jasmine-html-reporter/-/karma-jasmine-html-reporter-2.1.0.tgz. Extracting by manifest.
571 silly tarball no local data for jsesc@https://registry.npmjs.org/jsesc/-/jsesc-3.1.0.tgz. Extracting by manifest.
572 silly tarball no local data for js-tokens@https://registry.npmjs.org/js-tokens/-/js-tokens-4.0.0.tgz. Extracting by manifest.
573 silly tarball no local data for js-yaml@https://registry.npmjs.org/js-yaml/-/js-yaml-4.2.0.tgz. Extracting by manifest.
574 silly tarball no local data for jiti@https://registry.npmjs.org/jiti/-/jiti-1.21.7.tgz. Extracting by manifest.
575 silly tarball no local data for jest-worker@https://registry.npmjs.org/jest-worker/-/jest-worker-27.5.1.tgz. Extracting by manifest.
576 silly tarball no local data for jasmine-core@https://registry.npmjs.org/jasmine-core/-/jasmine-core-5.6.0.tgz. Extracting by manifest.
577 silly tarball no local data for jackspeak@https://registry.npmjs.org/jackspeak/-/jackspeak-3.4.3.tgz. Extracting by manifest.
578 silly tarball no local data for istanbul-reports@https://registry.npmjs.org/istanbul-reports/-/istanbul-reports-3.2.0.tgz. Extracting by manifest.
579 silly tarball no local data for istanbul-lib-source-maps@https://registry.npmjs.org/istanbul-lib-source-maps/-/istanbul-lib-source-maps-4.0.1.tgz. Extracting by manifest.
580 silly tarball no local data for istanbul-lib-coverage@https://registry.npmjs.org/istanbul-lib-coverage/-/istanbul-lib-coverage-3.2.2.tgz. Extracting by manifest.
581 silly tarball no local data for istanbul-lib-report@https://registry.npmjs.org/istanbul-lib-report/-/istanbul-lib-report-3.0.1.tgz. Extracting by manifest.
582 silly tarball no local data for istanbul-lib-instrument@https://registry.npmjs.org/istanbul-lib-instrument/-/istanbul-lib-instrument-6.0.3.tgz. Extracting by manifest.
583 silly tarball no local data for isexe@https://registry.npmjs.org/isexe/-/isexe-2.0.0.tgz. Extracting by manifest.
584 silly tarball no local data for isobject@https://registry.npmjs.org/isobject/-/isobject-3.0.1.tgz. Extracting by manifest.
585 silly tarball no local data for isbinaryfile@https://registry.npmjs.org/isbinaryfile/-/isbinaryfile-4.0.10.tgz. Extracting by manifest.
586 silly tarball no local data for is-wsl@https://registry.npmjs.org/is-wsl/-/is-wsl-3.1.1.tgz. Extracting by manifest.
587 silly tarball no local data for isarray@https://registry.npmjs.org/isarray/-/isarray-1.0.0.tgz. Extracting by manifest.
588 silly tarball no local data for is-what@https://registry.npmjs.org/is-what/-/is-what-3.14.1.tgz. Extracting by manifest.
589 silly tarball no local data for is-regex@https://registry.npmjs.org/is-regex/-/is-regex-1.2.1.tgz. Extracting by manifest.
590 silly tarball no local data for is-plain-object@https://registry.npmjs.org/is-plain-object/-/is-plain-object-5.0.0.tgz. Extracting by manifest.
591 silly tarball no local data for is-unicode-supported@https://registry.npmjs.org/is-unicode-supported/-/is-unicode-supported-0.1.0.tgz. Extracting by manifest.
592 silly tarball no local data for is-plain-obj@https://registry.npmjs.org/is-plain-obj/-/is-plain-obj-3.0.0.tgz. Extracting by manifest.
593 silly tarball no local data for is-number@https://registry.npmjs.org/is-number/-/is-number-7.0.0.tgz. Extracting by manifest.
594 silly tarball no local data for is-network-error@https://registry.npmjs.org/is-network-error/-/is-network-error-1.3.2.tgz. Extracting by manifest.
595 silly tarball no local data for is-interactive@https://registry.npmjs.org/is-interactive/-/is-interactive-1.0.0.tgz. Extracting by manifest.
596 silly tarball no local data for is-inside-container@https://registry.npmjs.org/is-inside-container/-/is-inside-container-1.0.0.tgz. Extracting by manifest.
597 silly tarball no local data for is-glob@https://registry.npmjs.org/is-glob/-/is-glob-4.0.3.tgz. Extracting by manifest.
598 silly tarball no local data for is-fullwidth-code-point@https://registry.npmjs.org/is-fullwidth-code-point/-/is-fullwidth-code-point-4.0.0.tgz. Extracting by manifest.
599 silly tarball no local data for is-extglob@https://registry.npmjs.org/is-extglob/-/is-extglob-2.1.1.tgz. Extracting by manifest.
600 silly tarball no local data for is-docker@https://registry.npmjs.org/is-docker/-/is-docker-3.0.0.tgz. Extracting by manifest.
601 silly tarball no local data for is-core-module@https://registry.npmjs.org/is-core-module/-/is-core-module-2.16.2.tgz. Extracting by manifest.
602 silly tarball no local data for is-binary-path@https://registry.npmjs.org/is-binary-path/-/is-binary-path-2.1.0.tgz. Extracting by manifest.
603 silly tarball no local data for ipaddr.js@https://registry.npmjs.org/ipaddr.js/-/ipaddr.js-2.4.0.tgz. Extracting by manifest.
604 silly tarball no local data for is-arrayish@https://registry.npmjs.org/is-arrayish/-/is-arrayish-0.2.1.tgz. Extracting by manifest.
605 silly tarball no local data for ip-address@https://registry.npmjs.org/ip-address/-/ip-address-10.2.0.tgz. Extracting by manifest.
606 silly tarball no local data for ini@https://registry.npmjs.org/ini/-/ini-5.0.0.tgz. Extracting by manifest.
607 silly tarball no local data for inherits@https://registry.npmjs.org/inherits/-/inherits-2.0.4.tgz. Extracting by manifest.
608 silly tarball no local data for inflight@https://registry.npmjs.org/inflight/-/inflight-1.0.6.tgz. Extracting by manifest.
609 silly tarball no local data for imurmurhash@https://registry.npmjs.org/imurmurhash/-/imurmurhash-0.1.4.tgz. Extracting by manifest.
610 silly tarball no local data for import-fresh@https://registry.npmjs.org/import-fresh/-/import-fresh-3.3.1.tgz. Extracting by manifest.
611 silly tarball no local data for immutable@https://registry.npmjs.org/immutable/-/immutable-5.1.6.tgz. Extracting by manifest.
612 silly tarball no local data for image-size@https://registry.npmjs.org/image-size/-/image-size-0.5.5.tgz. Extracting by manifest.
613 silly tarball no local data for ignore@https://registry.npmjs.org/ignore/-/ignore-7.0.5.tgz. Extracting by manifest.
614 silly tarball no local data for ieee754@https://registry.npmjs.org/ieee754/-/ieee754-1.2.1.tgz. Extracting by manifest.
615 silly tarball no local data for icss-utils@https://registry.npmjs.org/icss-utils/-/icss-utils-5.1.0.tgz. Extracting by manifest.
616 silly tarball no local data for ignore-walk@https://registry.npmjs.org/ignore-walk/-/ignore-walk-7.0.0.tgz. Extracting by manifest.
617 silly tarball no local data for iconv-lite@https://registry.npmjs.org/iconv-lite/-/iconv-lite-0.7.2.tgz. Extracting by manifest.
618 silly tarball no local data for hyperdyperid@https://registry.npmjs.org/hyperdyperid/-/hyperdyperid-1.2.0.tgz. Extracting by manifest.
619 silly tarball no local data for http-proxy-middleware@https://registry.npmjs.org/http-proxy-middleware/-/http-proxy-middleware-3.0.5.tgz. Extracting by manifest.
620 silly tarball no local data for https-proxy-agent@https://registry.npmjs.org/https-proxy-agent/-/https-proxy-agent-7.0.6.tgz. Extracting by manifest.
621 silly tarball no local data for http-proxy-agent@https://registry.npmjs.org/http-proxy-agent/-/http-proxy-agent-7.0.2.tgz. Extracting by manifest.
622 silly tarball no local data for http-proxy@https://registry.npmjs.org/http-proxy/-/http-proxy-1.18.1.tgz. Extracting by manifest.
623 silly tarball no local data for http-parser-js@https://registry.npmjs.org/http-parser-js/-/http-parser-js-0.5.10.tgz. Extracting by manifest.
624 silly tarball no local data for http-cache-semantics@https://registry.npmjs.org/http-cache-semantics/-/http-cache-semantics-4.2.0.tgz. Extracting by manifest.
625 silly tarball no local data for htmlparser2@https://registry.npmjs.org/htmlparser2/-/htmlparser2-10.1.0.tgz. Extracting by manifest.
626 silly tarball no local data for http-errors@https://registry.npmjs.org/http-errors/-/http-errors-2.0.1.tgz. Extracting by manifest.
627 silly tarball no local data for html-escaper@https://registry.npmjs.org/html-escaper/-/html-escaper-2.0.2.tgz. Extracting by manifest.
628 silly tarball no local data for http-deceiver@https://registry.npmjs.org/http-deceiver/-/http-deceiver-1.2.7.tgz. Extracting by manifest.
629 silly tarball no local data for hosted-git-info@https://registry.npmjs.org/hosted-git-info/-/hosted-git-info-8.1.0.tgz. Extracting by manifest.
630 silly tarball no local data for hasown@https://registry.npmjs.org/hasown/-/hasown-2.0.4.tgz. Extracting by manifest.
631 silly tarball no local data for has-tostringtag@https://registry.npmjs.org/has-tostringtag/-/has-tostringtag-1.0.2.tgz. Extracting by manifest.
632 silly tarball no local data for hpack.js@https://registry.npmjs.org/hpack.js/-/hpack.js-2.1.6.tgz. Extracting by manifest.
633 silly tarball no local data for has-symbols@https://registry.npmjs.org/has-symbols/-/has-symbols-1.1.0.tgz. Extracting by manifest.
634 silly tarball no local data for has-flag@https://registry.npmjs.org/has-flag/-/has-flag-4.0.0.tgz. Extracting by manifest.
635 silly tarball no local data for handle-thing@https://registry.npmjs.org/handle-thing/-/handle-thing-2.0.1.tgz. Extracting by manifest.
636 silly tarball no local data for gopd@https://registry.npmjs.org/gopd/-/gopd-1.2.0.tgz. Extracting by manifest.
637 silly tarball no local data for globby@https://registry.npmjs.org/globby/-/globby-14.1.0.tgz. Extracting by manifest.
638 silly tarball no local data for glob-to-regexp@https://registry.npmjs.org/glob-to-regexp/-/glob-to-regexp-0.4.1.tgz. Extracting by manifest.
639 silly tarball no local data for graceful-fs@https://registry.npmjs.org/graceful-fs/-/graceful-fs-4.2.11.tgz. Extracting by manifest.
640 silly tarball no local data for glob@https://registry.npmjs.org/glob/-/glob-7.2.3.tgz. Extracting by manifest.
641 silly tarball no local data for glob-to-regex.js@https://registry.npmjs.org/glob-to-regex.js/-/glob-to-regex.js-1.2.0.tgz. Extracting by manifest.
642 silly tarball no local data for glob-parent@https://registry.npmjs.org/glob-parent/-/glob-parent-6.0.2.tgz. Extracting by manifest.
643 silly tarball no local data for get-proto@https://registry.npmjs.org/get-proto/-/get-proto-1.0.1.tgz. Extracting by manifest.
644 silly tarball no local data for get-intrinsic@https://registry.npmjs.org/get-intrinsic/-/get-intrinsic-1.3.0.tgz. Extracting by manifest.
645 silly tarball no local data for get-caller-file@https://registry.npmjs.org/get-caller-file/-/get-caller-file-2.0.5.tgz. Extracting by manifest.
646 silly tarball no local data for get-east-asian-width@https://registry.npmjs.org/get-east-asian-width/-/get-east-asian-width-1.6.0.tgz. Extracting by manifest.
647 silly tarball no local data for gensync@https://registry.npmjs.org/gensync/-/gensync-1.0.0-beta.2.tgz. Extracting by manifest.
648 silly tarball no local data for function-bind@https://registry.npmjs.org/function-bind/-/function-bind-1.1.2.tgz. Extracting by manifest.
649 silly tarball no local data for fs-minipass@https://registry.npmjs.org/fs-minipass/-/fs-minipass-3.0.3.tgz. Extracting by manifest.
650 silly tarball no local data for fs.realpath@https://registry.npmjs.org/fs.realpath/-/fs.realpath-1.0.0.tgz. Extracting by manifest.
651 silly tarball no local data for fs-extra@https://registry.npmjs.org/fs-extra/-/fs-extra-8.1.0.tgz. Extracting by manifest.
652 silly tarball no local data for fresh@https://registry.npmjs.org/fresh/-/fresh-0.5.2.tgz. Extracting by manifest.
653 silly tarball no local data for forwarded@https://registry.npmjs.org/forwarded/-/forwarded-0.2.0.tgz. Extracting by manifest.
654 silly tarball no local data for foreground-child@https://registry.npmjs.org/foreground-child/-/foreground-child-3.3.1.tgz. Extracting by manifest.
655 silly tarball no local data for fraction.js@https://registry.npmjs.org/fraction.js/-/fraction.js-4.3.7.tgz. Extracting by manifest.
656 silly tarball no local data for follow-redirects@https://registry.npmjs.org/follow-redirects/-/follow-redirects-1.16.0.tgz. Extracting by manifest.
657 silly tarball no local data for find-up@https://registry.npmjs.org/find-up/-/find-up-6.3.0.tgz. Extracting by manifest.
658 silly tarball no local data for flat@https://registry.npmjs.org/flat/-/flat-5.0.2.tgz. Extracting by manifest.
659 silly tarball no local data for find-cache-dir@https://registry.npmjs.org/find-cache-dir/-/find-cache-dir-4.0.0.tgz. Extracting by manifest.
660 silly tarball no local data for flatted@https://registry.npmjs.org/flatted/-/flatted-3.4.2.tgz. Extracting by manifest.
661 silly tarball no local data for finalhandler@https://registry.npmjs.org/finalhandler/-/finalhandler-1.1.2.tgz. Extracting by manifest.
662 silly tarball no local data for fill-range@https://registry.npmjs.org/fill-range/-/fill-range-7.1.1.tgz. Extracting by manifest.
663 silly tarball no local data for fdir@https://registry.npmjs.org/fdir/-/fdir-6.5.0.tgz. Extracting by manifest.
664 silly tarball no local data for faye-websocket@https://registry.npmjs.org/faye-websocket/-/faye-websocket-0.11.4.tgz. Extracting by manifest.
665 silly tarball no local data for fastq@https://registry.npmjs.org/fastq/-/fastq-1.20.1.tgz. Extracting by manifest.
666 silly tarball no local data for fast-uri@https://registry.npmjs.org/fast-uri/-/fast-uri-3.1.2.tgz. Extracting by manifest.
667 silly tarball no local data for fast-glob@https://registry.npmjs.org/fast-glob/-/fast-glob-3.3.3.tgz. Extracting by manifest.
668 silly tarball no local data for fast-deep-equal@https://registry.npmjs.org/fast-deep-equal/-/fast-deep-equal-3.1.3.tgz. Extracting by manifest.
669 silly tarball no local data for extend@https://registry.npmjs.org/extend/-/extend-3.0.2.tgz. Extracting by manifest.
670 silly tarball no local data for express@https://registry.npmjs.org/express/-/express-4.22.2.tgz. Extracting by manifest.
671 silly tarball no local data for exponential-backoff@https://registry.npmjs.org/exponential-backoff/-/exponential-backoff-3.1.3.tgz. Extracting by manifest.
672 silly tarball no local data for events@https://registry.npmjs.org/events/-/events-3.3.0.tgz. Extracting by manifest.
673 silly tarball no local data for eventemitter3@https://registry.npmjs.org/eventemitter3/-/eventemitter3-4.0.7.tgz. Extracting by manifest.
674 silly tarball no local data for etag@https://registry.npmjs.org/etag/-/etag-1.8.1.tgz. Extracting by manifest.
675 silly tarball no local data for esutils@https://registry.npmjs.org/esutils/-/esutils-2.0.3.tgz. Extracting by manifest.
676 silly tarball no local data for estraverse@https://registry.npmjs.org/estraverse/-/estraverse-4.3.0.tgz. Extracting by manifest.
677 silly tarball no local data for esrecurse@https://registry.npmjs.org/esrecurse/-/esrecurse-4.3.0.tgz. Extracting by manifest.
678 silly tarball no local data for eslint-scope@https://registry.npmjs.org/eslint-scope/-/eslint-scope-5.1.1.tgz. Extracting by manifest.
679 silly tarball no local data for escape-html@https://registry.npmjs.org/escape-html/-/escape-html-1.0.3.tgz. Extracting by manifest.
680 silly tarball no local data for escalade@https://registry.npmjs.org/escalade/-/escalade-3.2.0.tgz. Extracting by manifest.
681 silly tarball no local data for esbuild-wasm@https://registry.npmjs.org/esbuild-wasm/-/esbuild-wasm-0.28.0.tgz. Extracting by manifest.
682 silly tarball no local data for esbuild@https://registry.npmjs.org/esbuild/-/esbuild-0.28.0.tgz. Extracting by manifest.
683 silly tarball no local data for es-object-atoms@https://registry.npmjs.org/es-object-atoms/-/es-object-atoms-1.1.2.tgz. Extracting by manifest.
684 silly tarball no local data for es-module-lexer@https://registry.npmjs.org/es-module-lexer/-/es-module-lexer-2.1.0.tgz. Extracting by manifest.
685 silly tarball no local data for es-errors@https://registry.npmjs.org/es-errors/-/es-errors-1.3.0.tgz. Extracting by manifest.
686 silly tarball no local data for es-define-property@https://registry.npmjs.org/es-define-property/-/es-define-property-1.0.1.tgz. Extracting by manifest.
687 silly tarball no local data for error-ex@https://registry.npmjs.org/error-ex/-/error-ex-1.3.4.tgz. Extracting by manifest.
688 silly tarball no local data for errno@https://registry.npmjs.org/errno/-/errno-0.1.8.tgz. Extracting by manifest.
689 silly tarball no local data for err-code@https://registry.npmjs.org/err-code/-/err-code-2.0.3.tgz. Extracting by manifest.
690 silly tarball no local data for env-paths@https://registry.npmjs.org/env-paths/-/env-paths-2.2.1.tgz. Extracting by manifest.
691 silly tarball no local data for environment@https://registry.npmjs.org/environment/-/environment-1.1.0.tgz. Extracting by manifest.
692 silly tarball no local data for entities@https://registry.npmjs.org/entities/-/entities-4.5.0.tgz. Extracting by manifest.
693 silly tarball no local data for ent@https://registry.npmjs.org/ent/-/ent-2.2.2.tgz. Extracting by manifest.
694 silly tarball no local data for engine.io-parser@https://registry.npmjs.org/engine.io-parser/-/engine.io-parser-5.2.3.tgz. Extracting by manifest.
695 silly tarball no local data for enhanced-resolve@https://registry.npmjs.org/enhanced-resolve/-/enhanced-resolve-5.24.0.tgz. Extracting by manifest.
696 silly tarball no local data for engine.io@https://registry.npmjs.org/engine.io/-/engine.io-6.6.8.tgz. Extracting by manifest.
697 silly tarball no local data for encoding@https://registry.npmjs.org/encoding/-/encoding-0.1.13.tgz. Extracting by manifest.
698 silly tarball no local data for encodeurl@https://registry.npmjs.org/encodeurl/-/encodeurl-1.0.2.tgz. Extracting by manifest.
699 silly tarball no local data for emojis-list@https://registry.npmjs.org/emojis-list/-/emojis-list-3.0.0.tgz. Extracting by manifest.
700 silly tarball no local data for emoji-regex@https://registry.npmjs.org/emoji-regex/-/emoji-regex-10.6.0.tgz. Extracting by manifest.
701 silly tarball no local data for electron-to-chromium@https://registry.npmjs.org/electron-to-chromium/-/electron-to-chromium-1.5.372.tgz. Extracting by manifest.
702 silly tarball no local data for ee-first@https://registry.npmjs.org/ee-first/-/ee-first-1.1.1.tgz. Extracting by manifest.
703 silly tarball no local data for eastasianwidth@https://registry.npmjs.org/eastasianwidth/-/eastasianwidth-0.2.0.tgz. Extracting by manifest.
704 silly tarball no local data for dunder-proto@https://registry.npmjs.org/dunder-proto/-/dunder-proto-1.0.1.tgz. Extracting by manifest.
705 silly tarball no local data for domutils@https://registry.npmjs.org/domutils/-/domutils-3.2.2.tgz. Extracting by manifest.
706 silly tarball no local data for domhandler@https://registry.npmjs.org/domhandler/-/domhandler-5.0.3.tgz. Extracting by manifest.
707 silly tarball no local data for domelementtype@https://registry.npmjs.org/domelementtype/-/domelementtype-2.3.0.tgz. Extracting by manifest.
708 silly tarball no local data for dom-serialize@https://registry.npmjs.org/dom-serialize/-/dom-serialize-2.2.1.tgz. Extracting by manifest.
709 silly tarball no local data for dom-serializer@https://registry.npmjs.org/dom-serializer/-/dom-serializer-2.0.0.tgz. Extracting by manifest.
710 silly tarball no local data for dns-packet@https://registry.npmjs.org/dns-packet/-/dns-packet-5.6.1.tgz. Extracting by manifest.
711 silly tarball no local data for di@https://registry.npmjs.org/di/-/di-0.0.1.tgz. Extracting by manifest.
712 silly tarball no local data for detect-node@https://registry.npmjs.org/detect-node/-/detect-node-2.1.0.tgz. Extracting by manifest.
713 silly tarball no local data for detect-libc@https://registry.npmjs.org/detect-libc/-/detect-libc-2.1.2.tgz. Extracting by manifest.
714 silly tarball no local data for destroy@https://registry.npmjs.org/destroy/-/destroy-1.2.0.tgz. Extracting by manifest.
715 silly tarball no local data for depd@https://registry.npmjs.org/depd/-/depd-2.0.0.tgz. Extracting by manifest.
716 silly tarball no local data for defaults@https://registry.npmjs.org/defaults/-/defaults-1.0.4.tgz. Extracting by manifest.
717 silly tarball no local data for define-lazy-prop@https://registry.npmjs.org/define-lazy-prop/-/define-lazy-prop-3.0.0.tgz. Extracting by manifest.
718 silly tarball no local data for default-browser@https://registry.npmjs.org/default-browser/-/default-browser-5.5.0.tgz. Extracting by manifest.
719 silly tarball no local data for default-browser-id@https://registry.npmjs.org/default-browser-id/-/default-browser-id-5.0.1.tgz. Extracting by manifest.
720 silly tarball no local data for debug@https://registry.npmjs.org/debug/-/debug-4.4.3.tgz. Extracting by manifest.
721 silly tarball no local data for date-format@https://registry.npmjs.org/date-format/-/date-format-4.0.14.tgz. Extracting by manifest.
722 silly tarball no local data for custom-event@https://registry.npmjs.org/custom-event/-/custom-event-1.0.1.tgz. Extracting by manifest.
723 silly tarball no local data for cssesc@https://registry.npmjs.org/cssesc/-/cssesc-3.0.0.tgz. Extracting by manifest.
724 silly tarball no local data for css-select@https://registry.npmjs.org/css-select/-/css-select-5.2.2.tgz. Extracting by manifest.
725 silly tarball no local data for cross-spawn@https://registry.npmjs.org/cross-spawn/-/cross-spawn-7.0.6.tgz. Extracting by manifest.
726 silly tarball no local data for css-what@https://registry.npmjs.org/css-what/-/css-what-6.2.2.tgz. Extracting by manifest.
727 silly tarball no local data for cosmiconfig@https://registry.npmjs.org/cosmiconfig/-/cosmiconfig-9.0.2.tgz. Extracting by manifest.
728 silly tarball no local data for core-util-is@https://registry.npmjs.org/core-util-is/-/core-util-is-1.0.3.tgz. Extracting by manifest.
729 silly tarball no local data for cors@https://registry.npmjs.org/cors/-/cors-2.8.6.tgz. Extracting by manifest.
730 silly tarball no local data for css-loader@https://registry.npmjs.org/css-loader/-/css-loader-7.1.2.tgz. Extracting by manifest.
731 silly tarball no local data for core-js-compat@https://registry.npmjs.org/core-js-compat/-/core-js-compat-3.49.0.tgz. Extracting by manifest.
732 silly tarball no local data for copy-anything@https://registry.npmjs.org/copy-anything/-/copy-anything-2.0.6.tgz. Extracting by manifest.
733 silly tarball no local data for copy-webpack-plugin@https://registry.npmjs.org/copy-webpack-plugin/-/copy-webpack-plugin-12.0.2.tgz. Extracting by manifest.
734 silly tarball no local data for cookie@https://registry.npmjs.org/cookie/-/cookie-0.7.2.tgz. Extracting by manifest.
735 silly tarball no local data for cookie-signature@https://registry.npmjs.org/cookie-signature/-/cookie-signature-1.0.7.tgz. Extracting by manifest.
736 silly tarball no local data for convert-source-map@https://registry.npmjs.org/convert-source-map/-/convert-source-map-1.9.0.tgz. Extracting by manifest.
737 silly tarball no local data for content-disposition@https://registry.npmjs.org/content-disposition/-/content-disposition-0.5.4.tgz. Extracting by manifest.
738 silly tarball no local data for connect@https://registry.npmjs.org/connect/-/connect-3.7.0.tgz. Extracting by manifest.
739 silly tarball no local data for concat-map@https://registry.npmjs.org/concat-map/-/concat-map-0.0.1.tgz. Extracting by manifest.
740 silly tarball no local data for connect-history-api-fallback@https://registry.npmjs.org/connect-history-api-fallback/-/connect-history-api-fallback-2.0.0.tgz. Extracting by manifest.
741 silly tarball no local data for compression@https://registry.npmjs.org/compression/-/compression-1.8.1.tgz. Extracting by manifest.
742 silly tarball no local data for compressible@https://registry.npmjs.org/compressible/-/compressible-2.0.18.tgz. Extracting by manifest.
743 silly tarball no local data for common-path-prefix@https://registry.npmjs.org/common-path-prefix/-/common-path-prefix-3.0.0.tgz. Extracting by manifest.
744 silly tarball no local data for commander@https://registry.npmjs.org/commander/-/commander-2.20.3.tgz. Extracting by manifest.
745 silly tarball no local data for content-type@https://registry.npmjs.org/content-type/-/content-type-1.0.5.tgz. Extracting by manifest.
746 silly tarball no local data for colorette@https://registry.npmjs.org/colorette/-/colorette-2.0.20.tgz. Extracting by manifest.
747 silly tarball no local data for color-name@https://registry.npmjs.org/color-name/-/color-name-1.1.4.tgz. Extracting by manifest.
748 silly tarball no local data for color-convert@https://registry.npmjs.org/color-convert/-/color-convert-2.0.1.tgz. Extracting by manifest.
749 silly tarball no local data for clone-deep@https://registry.npmjs.org/clone-deep/-/clone-deep-4.0.1.tgz. Extracting by manifest.
750 silly tarball no local data for cli-width@https://registry.npmjs.org/cli-width/-/cli-width-4.1.0.tgz. Extracting by manifest.
751 silly tarball no local data for clone@https://registry.npmjs.org/clone/-/clone-1.0.4.tgz. Extracting by manifest.
752 silly tarball no local data for cliui@https://registry.npmjs.org/cliui/-/cliui-8.0.1.tgz. Extracting by manifest.
753 silly tarball no local data for cli-truncate@https://registry.npmjs.org/cli-truncate/-/cli-truncate-4.0.0.tgz. Extracting by manifest.
754 silly tarball no local data for cli-cursor@https://registry.npmjs.org/cli-cursor/-/cli-cursor-5.0.0.tgz. Extracting by manifest.
755 silly tarball no local data for cli-spinners@https://registry.npmjs.org/cli-spinners/-/cli-spinners-2.9.2.tgz. Extracting by manifest.
756 silly tarball no local data for chrome-trace-event@https://registry.npmjs.org/chrome-trace-event/-/chrome-trace-event-1.0.4.tgz. Extracting by manifest.
757 silly tarball no local data for chownr@https://registry.npmjs.org/chownr/-/chownr-2.0.0.tgz. Extracting by manifest.
758 silly tarball no local data for chokidar@https://registry.npmjs.org/chokidar/-/chokidar-4.0.3.tgz. Extracting by manifest.
759 silly tarball no local data for chardet@https://registry.npmjs.org/chardet/-/chardet-2.1.1.tgz. Extracting by manifest.
760 silly tarball no local data for chalk@https://registry.npmjs.org/chalk/-/chalk-4.1.2.tgz. Extracting by manifest.
761 silly tarball no local data for caniuse-lite@https://registry.npmjs.org/caniuse-lite/-/caniuse-lite-1.0.30001799.tgz. Extracting by manifest.
762 silly tarball no local data for call-bound@https://registry.npmjs.org/call-bound/-/call-bound-1.0.4.tgz. Extracting by manifest.
763 silly tarball no local data for callsites@https://registry.npmjs.org/callsites/-/callsites-3.1.0.tgz. Extracting by manifest.
764 silly tarball no local data for cacache@https://registry.npmjs.org/cacache/-/cacache-19.0.1.tgz. Extracting by manifest.
765 silly tarball no local data for bytes@https://registry.npmjs.org/bytes/-/bytes-3.1.2.tgz. Extracting by manifest.
766 silly tarball no local data for call-bind-apply-helpers@https://registry.npmjs.org/call-bind-apply-helpers/-/call-bind-apply-helpers-1.0.2.tgz. Extracting by manifest.
767 silly tarball no local data for buffer@https://registry.npmjs.org/buffer/-/buffer-5.7.1.tgz. Extracting by manifest.
768 silly tarball no local data for buffer-from@https://registry.npmjs.org/buffer-from/-/buffer-from-1.1.2.tgz. Extracting by manifest.
769 silly tarball no local data for braces@https://registry.npmjs.org/braces/-/braces-3.0.3.tgz. Extracting by manifest.
770 silly tarball no local data for bundle-name@https://registry.npmjs.org/bundle-name/-/bundle-name-4.1.0.tgz. Extracting by manifest.
771 silly tarball no local data for bootstrap@https://registry.npmjs.org/bootstrap/-/bootstrap-5.3.8.tgz. Extracting by manifest.
772 silly tarball no local data for browserslist@https://registry.npmjs.org/browserslist/-/browserslist-4.28.2.tgz. Extracting by manifest.
773 silly tarball no local data for boolbase@https://registry.npmjs.org/boolbase/-/boolbase-1.0.0.tgz. Extracting by manifest.
774 silly tarball no local data for brace-expansion@https://registry.npmjs.org/brace-expansion/-/brace-expansion-1.1.15.tgz. Extracting by manifest.
775 silly tarball no local data for bonjour-service@https://registry.npmjs.org/bonjour-service/-/bonjour-service-1.4.1.tgz. Extracting by manifest.
776 silly tarball no local data for body-parser@https://registry.npmjs.org/body-parser/-/body-parser-1.20.5.tgz. Extracting by manifest.
777 silly tarball no local data for binary-extensions@https://registry.npmjs.org/binary-extensions/-/binary-extensions-2.3.0.tgz. Extracting by manifest.
778 silly tarball no local data for bl@https://registry.npmjs.org/bl/-/bl-4.1.0.tgz. Extracting by manifest.
779 silly tarball no local data for big.js@https://registry.npmjs.org/big.js/-/big.js-5.2.2.tgz. Extracting by manifest.
780 silly tarball no local data for batch@https://registry.npmjs.org/batch/-/batch-0.6.1.tgz. Extracting by manifest.
781 silly tarball no local data for beasties@https://registry.npmjs.org/beasties/-/beasties-0.3.2.tgz. Extracting by manifest.
782 silly tarball no local data for baseline-browser-mapping@https://registry.npmjs.org/baseline-browser-mapping/-/baseline-browser-mapping-2.10.37.tgz. Extracting by manifest.
783 silly tarball no local data for base64id@https://registry.npmjs.org/base64id/-/base64id-2.0.0.tgz. Extracting by manifest.
784 silly tarball no local data for base64-js@https://registry.npmjs.org/base64-js/-/base64-js-1.5.1.tgz. Extracting by manifest.
785 silly tarball no local data for babel-plugin-polyfill-regenerator@https://registry.npmjs.org/babel-plugin-polyfill-regenerator/-/babel-plugin-polyfill-regenerator-0.6.8.tgz. Extracting by manifest.
786 silly tarball no local data for balanced-match@https://registry.npmjs.org/balanced-match/-/balanced-match-1.0.2.tgz. Extracting by manifest.
787 silly tarball no local data for babel-plugin-polyfill-corejs3@https://registry.npmjs.org/babel-plugin-polyfill-corejs3/-/babel-plugin-polyfill-corejs3-0.11.1.tgz. Extracting by manifest.
788 silly tarball no local data for babel-plugin-polyfill-corejs2@https://registry.npmjs.org/babel-plugin-polyfill-corejs2/-/babel-plugin-polyfill-corejs2-0.4.17.tgz. Extracting by manifest.
789 silly tarball no local data for babel-loader@https://registry.npmjs.org/babel-loader/-/babel-loader-9.2.1.tgz. Extracting by manifest.
790 silly tarball no local data for autoprefixer@https://registry.npmjs.org/autoprefixer/-/autoprefixer-10.4.20.tgz. Extracting by manifest.
791 silly tarball no local data for argparse@https://registry.npmjs.org/argparse/-/argparse-2.0.1.tgz. Extracting by manifest.
792 silly tarball no local data for array-flatten@https://registry.npmjs.org/array-flatten/-/array-flatten-1.1.1.tgz. Extracting by manifest.
793 silly tarball no local data for anymatch@https://registry.npmjs.org/anymatch/-/anymatch-3.1.3.tgz. Extracting by manifest.
794 silly tarball no local data for ansi-styles@https://registry.npmjs.org/ansi-styles/-/ansi-styles-4.3.0.tgz. Extracting by manifest.
795 silly tarball no local data for ansi-html-community@https://registry.npmjs.org/ansi-html-community/-/ansi-html-community-0.0.8.tgz. Extracting by manifest.
796 silly tarball no local data for ansi-regex@https://registry.npmjs.org/ansi-regex/-/ansi-regex-6.2.2.tgz. Extracting by manifest.
797 silly tarball no local data for ansi-escapes@https://registry.npmjs.org/ansi-escapes/-/ansi-escapes-7.3.0.tgz. Extracting by manifest.
798 silly tarball no local data for ansi-colors@https://registry.npmjs.org/ansi-colors/-/ansi-colors-4.1.3.tgz. Extracting by manifest.
799 silly tarball no local data for ajv-keywords@https://registry.npmjs.org/ajv-keywords/-/ajv-keywords-5.1.0.tgz. Extracting by manifest.
800 silly tarball no local data for ajv-formats@https://registry.npmjs.org/ajv-formats/-/ajv-formats-3.0.1.tgz. Extracting by manifest.
801 silly tarball no local data for ajv@https://registry.npmjs.org/ajv/-/ajv-8.18.0.tgz. Extracting by manifest.
802 silly tarball no local data for agent-base@https://registry.npmjs.org/agent-base/-/agent-base-7.1.4.tgz. Extracting by manifest.
803 silly tarball no local data for adjust-sourcemap-loader@https://registry.npmjs.org/adjust-sourcemap-loader/-/adjust-sourcemap-loader-4.0.0.tgz. Extracting by manifest.
804 silly tarball no local data for acorn-import-phases@https://registry.npmjs.org/acorn-import-phases/-/acorn-import-phases-1.0.4.tgz. Extracting by manifest.
805 silly tarball no local data for accepts@https://registry.npmjs.org/accepts/-/accepts-1.3.8.tgz. Extracting by manifest.
806 silly tarball no local data for @yarnpkg/lockfile@https://registry.npmjs.org/@yarnpkg/lockfile/-/lockfile-1.1.0.tgz. Extracting by manifest.
807 silly tarball no local data for acorn@https://registry.npmjs.org/acorn/-/acorn-8.17.0.tgz. Extracting by manifest.
808 silly tarball no local data for abbrev@https://registry.npmjs.org/abbrev/-/abbrev-3.0.1.tgz. Extracting by manifest.
809 silly tarball no local data for @xtuc/long@https://registry.npmjs.org/@xtuc/long/-/long-4.2.2.tgz. Extracting by manifest.
810 silly tarball no local data for @xtuc/ieee754@https://registry.npmjs.org/@xtuc/ieee754/-/ieee754-1.2.0.tgz. Extracting by manifest.
811 silly tarball no local data for @webassemblyjs/wast-printer@https://registry.npmjs.org/@webassemblyjs/wast-printer/-/wast-printer-1.14.1.tgz. Extracting by manifest.
812 silly tarball no local data for @webassemblyjs/wasm-parser@https://registry.npmjs.org/@webassemblyjs/wasm-parser/-/wasm-parser-1.14.1.tgz. Extracting by manifest.
813 silly tarball no local data for @webassemblyjs/wasm-opt@https://registry.npmjs.org/@webassemblyjs/wasm-opt/-/wasm-opt-1.14.1.tgz. Extracting by manifest.
814 silly tarball no local data for @webassemblyjs/wasm-gen@https://registry.npmjs.org/@webassemblyjs/wasm-gen/-/wasm-gen-1.14.1.tgz. Extracting by manifest.
815 silly tarball no local data for @webassemblyjs/wasm-edit@https://registry.npmjs.org/@webassemblyjs/wasm-edit/-/wasm-edit-1.14.1.tgz. Extracting by manifest.
816 silly tarball no local data for @webassemblyjs/utf8@https://registry.npmjs.org/@webassemblyjs/utf8/-/utf8-1.13.2.tgz. Extracting by manifest.
817 silly tarball no local data for @webassemblyjs/leb128@https://registry.npmjs.org/@webassemblyjs/leb128/-/leb128-1.13.2.tgz. Extracting by manifest.
818 silly tarball no local data for @webassemblyjs/ieee754@https://registry.npmjs.org/@webassemblyjs/ieee754/-/ieee754-1.13.2.tgz. Extracting by manifest.
819 silly tarball no local data for @webassemblyjs/helper-wasm-section@https://registry.npmjs.org/@webassemblyjs/helper-wasm-section/-/helper-wasm-section-1.14.1.tgz. Extracting by manifest.
820 silly tarball no local data for @webassemblyjs/helper-wasm-bytecode@https://registry.npmjs.org/@webassemblyjs/helper-wasm-bytecode/-/helper-wasm-bytecode-1.13.2.tgz. Extracting by manifest.
821 silly tarball no local data for @webassemblyjs/helper-numbers@https://registry.npmjs.org/@webassemblyjs/helper-numbers/-/helper-numbers-1.13.2.tgz. Extracting by manifest.
822 silly tarball no local data for @webassemblyjs/helper-buffer@https://registry.npmjs.org/@webassemblyjs/helper-buffer/-/helper-buffer-1.14.1.tgz. Extracting by manifest.
823 silly tarball no local data for @webassemblyjs/helper-api-error@https://registry.npmjs.org/@webassemblyjs/helper-api-error/-/helper-api-error-1.13.2.tgz. Extracting by manifest.
824 silly tarball no local data for @webassemblyjs/ast@https://registry.npmjs.org/@webassemblyjs/ast/-/ast-1.14.1.tgz. Extracting by manifest.
825 silly tarball no local data for @webassemblyjs/floating-point-hex-parser@https://registry.npmjs.org/@webassemblyjs/floating-point-hex-parser/-/floating-point-hex-parser-1.13.2.tgz. Extracting by manifest.
826 silly tarball no local data for @types/ws@https://registry.npmjs.org/@types/ws/-/ws-8.18.1.tgz. Extracting by manifest.
827 silly tarball no local data for @vitejs/plugin-basic-ssl@https://registry.npmjs.org/@vitejs/plugin-basic-ssl/-/plugin-basic-ssl-1.2.0.tgz. Extracting by manifest.
828 silly tarball no local data for @types/serve-static@https://registry.npmjs.org/@types/serve-static/-/serve-static-1.15.10.tgz. Extracting by manifest.
829 silly tarball no local data for @types/sockjs@https://registry.npmjs.org/@types/sockjs/-/sockjs-0.3.36.tgz. Extracting by manifest.
830 silly tarball no local data for @types/send@https://registry.npmjs.org/@types/send/-/send-1.2.1.tgz. Extracting by manifest.
831 silly tarball no local data for @types/retry@https://registry.npmjs.org/@types/retry/-/retry-0.12.2.tgz. Extracting by manifest.
832 silly tarball no local data for @types/serve-index@https://registry.npmjs.org/@types/serve-index/-/serve-index-1.9.4.tgz. Extracting by manifest.
833 silly tarball no local data for @types/range-parser@https://registry.npmjs.org/@types/range-parser/-/range-parser-1.2.7.tgz. Extracting by manifest.
834 silly tarball no local data for @types/node-forge@https://registry.npmjs.org/@types/node-forge/-/node-forge-1.3.14.tgz. Extracting by manifest.
835 silly tarball no local data for @types/node@https://registry.npmjs.org/@types/node/-/node-25.9.3.tgz. Extracting by manifest.
836 silly tarball no local data for @types/qs@https://registry.npmjs.org/@types/qs/-/qs-6.15.1.tgz. Extracting by manifest.
837 silly tarball no local data for @types/mime@https://registry.npmjs.org/@types/mime/-/mime-1.3.5.tgz. Extracting by manifest.
838 silly tarball no local data for @types/json-schema@https://registry.npmjs.org/@types/json-schema/-/json-schema-7.0.15.tgz. Extracting by manifest.
839 silly tarball no local data for @types/jasmine@https://registry.npmjs.org/@types/jasmine/-/jasmine-5.1.15.tgz. Extracting by manifest.
840 silly tarball no local data for @types/http-errors@https://registry.npmjs.org/@types/http-errors/-/http-errors-2.0.5.tgz. Extracting by manifest.
841 silly tarball no local data for @types/http-proxy@https://registry.npmjs.org/@types/http-proxy/-/http-proxy-1.17.17.tgz. Extracting by manifest.
842 silly tarball no local data for @types/express-serve-static-core@https://registry.npmjs.org/@types/express-serve-static-core/-/express-serve-static-core-4.19.8.tgz. Extracting by manifest.
843 silly tarball no local data for @types/express@https://registry.npmjs.org/@types/express/-/express-4.17.25.tgz. Extracting by manifest.
844 silly tarball no local data for @types/eslint-scope@https://registry.npmjs.org/@types/eslint-scope/-/eslint-scope-3.7.7.tgz. Extracting by manifest.
845 silly tarball no local data for @types/estree@https://registry.npmjs.org/@types/estree/-/estree-1.0.8.tgz. Extracting by manifest.
846 silly tarball no local data for @types/eslint@https://registry.npmjs.org/@types/eslint/-/eslint-9.6.1.tgz. Extracting by manifest.
847 silly tarball no local data for @types/cors@https://registry.npmjs.org/@types/cors/-/cors-2.8.19.tgz. Extracting by manifest.
848 silly tarball no local data for @types/connect-history-api-fallback@https://registry.npmjs.org/@types/connect-history-api-fallback/-/connect-history-api-fallback-1.5.4.tgz. Extracting by manifest.
849 silly tarball no local data for @types/bonjour@https://registry.npmjs.org/@types/bonjour/-/bonjour-3.5.13.tgz. Extracting by manifest.
850 silly tarball no local data for @types/body-parser@https://registry.npmjs.org/@types/body-parser/-/body-parser-1.19.6.tgz. Extracting by manifest.
851 silly tarball no local data for @tufjs/models@https://registry.npmjs.org/@tufjs/models/-/models-3.0.1.tgz. Extracting by manifest.
852 silly tarball no local data for @types/connect@https://registry.npmjs.org/@types/connect/-/connect-3.4.38.tgz. Extracting by manifest.
853 silly tarball no local data for @socket.io/component-emitter@https://registry.npmjs.org/@socket.io/component-emitter/-/component-emitter-3.1.2.tgz. Extracting by manifest.
854 silly tarball no local data for @sigstore/verify@https://registry.npmjs.org/@sigstore/verify/-/verify-2.1.1.tgz. Extracting by manifest.
855 silly tarball no local data for @tufjs/canonical-json@https://registry.npmjs.org/@tufjs/canonical-json/-/canonical-json-2.0.0.tgz. Extracting by manifest.
856 silly tarball no local data for @sindresorhus/merge-streams@https://registry.npmjs.org/@sindresorhus/merge-streams/-/merge-streams-2.3.0.tgz. Extracting by manifest.
857 silly tarball no local data for @sigstore/tuf@https://registry.npmjs.org/@sigstore/tuf/-/tuf-3.1.1.tgz. Extracting by manifest.
858 silly tarball no local data for @sigstore/sign@https://registry.npmjs.org/@sigstore/sign/-/sign-3.1.0.tgz. Extracting by manifest.
859 silly tarball no local data for @sigstore/core@https://registry.npmjs.org/@sigstore/core/-/core-2.0.0.tgz. Extracting by manifest.
860 silly tarball no local data for @sigstore/protobuf-specs@https://registry.npmjs.org/@sigstore/protobuf-specs/-/protobuf-specs-0.4.3.tgz. Extracting by manifest.
861 silly tarball no local data for @schematics/angular@https://registry.npmjs.org/@schematics/angular/-/angular-19.2.27.tgz. Extracting by manifest.
862 silly tarball no local data for @sigstore/bundle@https://registry.npmjs.org/@sigstore/bundle/-/bundle-3.1.0.tgz. Extracting by manifest.
863 silly tarball no local data for @rollup/rollup-win32-x64-msvc@https://registry.npmjs.org/@rollup/rollup-win32-x64-msvc/-/rollup-win32-x64-msvc-4.59.0.tgz. Extracting by manifest.
864 silly tarball no local data for @popperjs/core@https://registry.npmjs.org/@popperjs/core/-/core-2.11.8.tgz. Extracting by manifest.
865 silly tarball no local data for @rollup/rollup-win32-x64-gnu@https://registry.npmjs.org/@rollup/rollup-win32-x64-gnu/-/rollup-win32-x64-gnu-4.59.0.tgz. Extracting by manifest.
866 silly tarball no local data for @pkgjs/parseargs@https://registry.npmjs.org/@pkgjs/parseargs/-/parseargs-0.11.0.tgz. Extracting by manifest.
867 silly tarball no local data for @parcel/watcher-win32-x64@https://registry.npmjs.org/@parcel/watcher-win32-x64/-/watcher-win32-x64-2.5.6.tgz. Extracting by manifest.
868 silly tarball no local data for @parcel/watcher@https://registry.npmjs.org/@parcel/watcher/-/watcher-2.5.6.tgz. Extracting by manifest.
869 silly tarball no local data for @npmcli/redact@https://registry.npmjs.org/@npmcli/redact/-/redact-3.2.2.tgz. Extracting by manifest.
870 silly tarball no local data for @npmcli/run-script@https://registry.npmjs.org/@npmcli/run-script/-/run-script-9.1.0.tgz. Extracting by manifest.
871 silly tarball no local data for @npmcli/promise-spawn@https://registry.npmjs.org/@npmcli/promise-spawn/-/promise-spawn-8.0.3.tgz. Extracting by manifest.
872 silly tarball no local data for @npmcli/package-json@https://registry.npmjs.org/@npmcli/package-json/-/package-json-6.2.0.tgz. Extracting by manifest.
873 silly tarball no local data for @npmcli/node-gyp@https://registry.npmjs.org/@npmcli/node-gyp/-/node-gyp-4.0.0.tgz. Extracting by manifest.
874 silly tarball no local data for @nodelib/fs.walk@https://registry.npmjs.org/@nodelib/fs.walk/-/fs.walk-1.2.8.tgz. Extracting by manifest.
875 silly tarball no local data for @npmcli/installed-package-contents@https://registry.npmjs.org/@npmcli/installed-package-contents/-/installed-package-contents-3.0.0.tgz. Extracting by manifest.
876 silly tarball no local data for @npmcli/git@https://registry.npmjs.org/@npmcli/git/-/git-6.0.3.tgz. Extracting by manifest.
877 silly tarball no local data for @npmcli/fs@https://registry.npmjs.org/@npmcli/fs/-/fs-4.0.0.tgz. Extracting by manifest.
878 silly tarball no local data for @npmcli/agent@https://registry.npmjs.org/@npmcli/agent/-/agent-3.0.0.tgz. Extracting by manifest.
879 silly tarball no local data for @nodelib/fs.stat@https://registry.npmjs.org/@nodelib/fs.stat/-/fs.stat-2.0.5.tgz. Extracting by manifest.
880 silly tarball no local data for @ngtools/webpack@https://registry.npmjs.org/@ngtools/webpack/-/webpack-19.2.27.tgz. Extracting by manifest.
881 silly tarball no local data for @nodelib/fs.scandir@https://registry.npmjs.org/@nodelib/fs.scandir/-/fs.scandir-2.1.5.tgz. Extracting by manifest.
882 silly tarball no local data for @napi-rs/nice-win32-x64-msvc@https://registry.npmjs.org/@napi-rs/nice-win32-x64-msvc/-/nice-win32-x64-msvc-1.1.1.tgz. Extracting by manifest.
883 silly tarball no local data for @msgpackr-extract/msgpackr-extract-win32-x64@https://registry.npmjs.org/@msgpackr-extract/msgpackr-extract-win32-x64/-/msgpackr-extract-win32-x64-3.0.4.tgz. Extracting by manifest.
884 silly tarball no local data for @napi-rs/nice@https://registry.npmjs.org/@napi-rs/nice/-/nice-1.1.1.tgz. Extracting by manifest.
885 silly tarball no local data for @lmdb/lmdb-win32-x64@https://registry.npmjs.org/@lmdb/lmdb-win32-x64/-/lmdb-win32-x64-3.2.6.tgz. Extracting by manifest.
886 silly tarball no local data for @listr2/prompt-adapter-inquirer@https://registry.npmjs.org/@listr2/prompt-adapter-inquirer/-/prompt-adapter-inquirer-2.0.18.tgz. Extracting by manifest.
887 silly tarball no local data for @leichtgewicht/ip-codec@https://registry.npmjs.org/@leichtgewicht/ip-codec/-/ip-codec-2.0.5.tgz. Extracting by manifest.
888 silly tarball no local data for @jsonjoy.com/json-pointer@https://registry.npmjs.org/@jsonjoy.com/json-pointer/-/json-pointer-1.0.2.tgz. Extracting by manifest.
889 silly tarball no local data for @jsonjoy.com/util@https://registry.npmjs.org/@jsonjoy.com/util/-/util-1.9.0.tgz. Extracting by manifest.
890 silly tarball no local data for @jsonjoy.com/json-pack@https://registry.npmjs.org/@jsonjoy.com/json-pack/-/json-pack-1.21.0.tgz. Extracting by manifest.
891 silly tarball no local data for @jsonjoy.com/fs-snapshot@https://registry.npmjs.org/@jsonjoy.com/fs-snapshot/-/fs-snapshot-4.57.7.tgz. Extracting by manifest.
892 silly tarball no local data for @jsonjoy.com/fs-print@https://registry.npmjs.org/@jsonjoy.com/fs-print/-/fs-print-4.57.7.tgz. Extracting by manifest.
893 silly tarball no local data for @jsonjoy.com/fs-node-to-fsa@https://registry.npmjs.org/@jsonjoy.com/fs-node-to-fsa/-/fs-node-to-fsa-4.57.7.tgz. Extracting by manifest.
894 silly tarball no local data for @jsonjoy.com/fs-node-builtins@https://registry.npmjs.org/@jsonjoy.com/fs-node-builtins/-/fs-node-builtins-4.57.7.tgz. Extracting by manifest.
895 silly tarball no local data for @jsonjoy.com/fs-node-utils@https://registry.npmjs.org/@jsonjoy.com/fs-node-utils/-/fs-node-utils-4.57.7.tgz. Extracting by manifest.
896 silly tarball no local data for @jsonjoy.com/fs-fsa@https://registry.npmjs.org/@jsonjoy.com/fs-fsa/-/fs-fsa-4.57.7.tgz. Extracting by manifest.
897 silly tarball no local data for @jsonjoy.com/fs-node@https://registry.npmjs.org/@jsonjoy.com/fs-node/-/fs-node-4.57.7.tgz. Extracting by manifest.
898 silly tarball no local data for @jsonjoy.com/fs-core@https://registry.npmjs.org/@jsonjoy.com/fs-core/-/fs-core-4.57.7.tgz. Extracting by manifest.
899 silly tarball no local data for @jsonjoy.com/codegen@https://registry.npmjs.org/@jsonjoy.com/codegen/-/codegen-1.0.0.tgz. Extracting by manifest.
900 silly tarball no local data for @jridgewell/trace-mapping@https://registry.npmjs.org/@jridgewell/trace-mapping/-/trace-mapping-0.3.31.tgz. Extracting by manifest.
901 silly tarball no local data for @jsonjoy.com/buffers@https://registry.npmjs.org/@jsonjoy.com/buffers/-/buffers-17.67.0.tgz. Extracting by manifest.
902 silly tarball no local data for @jridgewell/sourcemap-codec@https://registry.npmjs.org/@jridgewell/sourcemap-codec/-/sourcemap-codec-1.5.5.tgz. Extracting by manifest.
903 silly tarball no local data for @jsonjoy.com/base64@https://registry.npmjs.org/@jsonjoy.com/base64/-/base64-1.1.2.tgz. Extracting by manifest.
904 silly tarball no local data for @istanbuljs/schema@https://registry.npmjs.org/@istanbuljs/schema/-/schema-0.1.6.tgz. Extracting by manifest.
905 silly tarball no local data for @jridgewell/source-map@https://registry.npmjs.org/@jridgewell/source-map/-/source-map-0.3.11.tgz. Extracting by manifest.
906 silly tarball no local data for @jridgewell/resolve-uri@https://registry.npmjs.org/@jridgewell/resolve-uri/-/resolve-uri-3.1.2.tgz. Extracting by manifest.
907 silly tarball no local data for @isaacs/fs-minipass@https://registry.npmjs.org/@isaacs/fs-minipass/-/fs-minipass-4.0.1.tgz. Extracting by manifest.
908 silly tarball no local data for @jridgewell/gen-mapping@https://registry.npmjs.org/@jridgewell/gen-mapping/-/gen-mapping-0.3.13.tgz. Extracting by manifest.
909 silly tarball no local data for @isaacs/cliui@https://registry.npmjs.org/@isaacs/cliui/-/cliui-8.0.2.tgz. Extracting by manifest.
910 silly tarball no local data for @inquirer/type@https://registry.npmjs.org/@inquirer/type/-/type-3.0.10.tgz. Extracting by manifest.
911 silly tarball no local data for @inquirer/select@https://registry.npmjs.org/@inquirer/select/-/select-4.4.2.tgz. Extracting by manifest.
912 silly tarball no local data for @inquirer/search@https://registry.npmjs.org/@inquirer/search/-/search-3.2.2.tgz. Extracting by manifest.
913 silly tarball no local data for @inquirer/rawlist@https://registry.npmjs.org/@inquirer/rawlist/-/rawlist-4.1.11.tgz. Extracting by manifest.
914 silly tarball no local data for @inquirer/prompts@https://registry.npmjs.org/@inquirer/prompts/-/prompts-7.3.2.tgz. Extracting by manifest.
915 silly tarball no local data for @inquirer/number@https://registry.npmjs.org/@inquirer/number/-/number-3.0.23.tgz. Extracting by manifest.
916 silly tarball no local data for @inquirer/password@https://registry.npmjs.org/@inquirer/password/-/password-4.0.23.tgz. Extracting by manifest.
917 silly tarball no local data for @inquirer/input@https://registry.npmjs.org/@inquirer/input/-/input-4.3.1.tgz. Extracting by manifest.
918 silly tarball no local data for @inquirer/figures@https://registry.npmjs.org/@inquirer/figures/-/figures-1.0.15.tgz. Extracting by manifest.
919 silly tarball no local data for @inquirer/external-editor@https://registry.npmjs.org/@inquirer/external-editor/-/external-editor-1.0.3.tgz. Extracting by manifest.
920 silly tarball no local data for @inquirer/expand@https://registry.npmjs.org/@inquirer/expand/-/expand-4.0.23.tgz. Extracting by manifest.
921 silly tarball no local data for @inquirer/confirm@https://registry.npmjs.org/@inquirer/confirm/-/confirm-5.1.6.tgz. Extracting by manifest.
922 silly tarball no local data for @inquirer/core@https://registry.npmjs.org/@inquirer/core/-/core-10.3.2.tgz. Extracting by manifest.
923 silly tarball no local data for @inquirer/editor@https://registry.npmjs.org/@inquirer/editor/-/editor-4.2.23.tgz. Extracting by manifest.
924 silly tarball no local data for @inquirer/checkbox@https://registry.npmjs.org/@inquirer/checkbox/-/checkbox-4.3.2.tgz. Extracting by manifest.
925 silly tarball no local data for @inquirer/ansi@https://registry.npmjs.org/@inquirer/ansi/-/ansi-1.0.2.tgz. Extracting by manifest.
926 silly tarball no local data for @colors/colors@https://registry.npmjs.org/@colors/colors/-/colors-1.5.0.tgz. Extracting by manifest.
927 silly tarball no local data for @esbuild/win32-x64@https://registry.npmjs.org/@esbuild/win32-x64/-/win32-x64-0.28.0.tgz. Extracting by manifest.
928 silly tarball no local data for @discoveryjs/json-ext@https://registry.npmjs.org/@discoveryjs/json-ext/-/json-ext-0.6.3.tgz. Extracting by manifest.
929 silly tarball no local data for @babel/types@https://registry.npmjs.org/@babel/types/-/types-7.29.7.tgz. Extracting by manifest.
930 silly tarball no local data for @babel/traverse@https://registry.npmjs.org/@babel/traverse/-/traverse-7.29.7.tgz. Extracting by manifest.
931 silly tarball no local data for @babel/template@https://registry.npmjs.org/@babel/template/-/template-7.29.7.tgz. Extracting by manifest.
932 silly tarball no local data for @babel/runtime@https://registry.npmjs.org/@babel/runtime/-/runtime-7.26.10.tgz. Extracting by manifest.
933 silly tarball no local data for @babel/preset-modules@https://registry.npmjs.org/@babel/preset-modules/-/preset-modules-0.1.6-no-external-plugins.tgz. Extracting by manifest.
934 silly tarball no local data for @babel/preset-env@https://registry.npmjs.org/@babel/preset-env/-/preset-env-7.26.9.tgz. Extracting by manifest.
935 silly tarball no local data for @babel/plugin-transform-unicode-regex@https://registry.npmjs.org/@babel/plugin-transform-unicode-regex/-/plugin-transform-unicode-regex-7.29.7.tgz. Extracting by manifest.
936 silly tarball no local data for @babel/plugin-transform-unicode-property-regex@https://registry.npmjs.org/@babel/plugin-transform-unicode-property-regex/-/plugin-transform-unicode-property-regex-7.29.7.tgz. Extracting by manifest.
937 silly tarball no local data for @babel/plugin-transform-unicode-sets-regex@https://registry.npmjs.org/@babel/plugin-transform-unicode-sets-regex/-/plugin-transform-unicode-sets-regex-7.29.7.tgz. Extracting by manifest.
938 silly tarball no local data for @babel/plugin-transform-unicode-escapes@https://registry.npmjs.org/@babel/plugin-transform-unicode-escapes/-/plugin-transform-unicode-escapes-7.29.7.tgz. Extracting by manifest.
939 silly tarball no local data for @babel/plugin-transform-typeof-symbol@https://registry.npmjs.org/@babel/plugin-transform-typeof-symbol/-/plugin-transform-typeof-symbol-7.29.7.tgz. Extracting by manifest.
940 silly tarball no local data for @babel/plugin-transform-template-literals@https://registry.npmjs.org/@babel/plugin-transform-template-literals/-/plugin-transform-template-literals-7.29.7.tgz. Extracting by manifest.
941 silly tarball no local data for @babel/plugin-transform-sticky-regex@https://registry.npmjs.org/@babel/plugin-transform-sticky-regex/-/plugin-transform-sticky-regex-7.29.7.tgz. Extracting by manifest.
942 silly tarball no local data for @babel/plugin-transform-spread@https://registry.npmjs.org/@babel/plugin-transform-spread/-/plugin-transform-spread-7.29.7.tgz. Extracting by manifest.
943 silly tarball no local data for @babel/plugin-transform-shorthand-properties@https://registry.npmjs.org/@babel/plugin-transform-shorthand-properties/-/plugin-transform-shorthand-properties-7.29.7.tgz. Extracting by manifest.
944 silly tarball no local data for @babel/plugin-transform-runtime@https://registry.npmjs.org/@babel/plugin-transform-runtime/-/plugin-transform-runtime-7.26.10.tgz. Extracting by manifest.
945 silly tarball no local data for @babel/plugin-transform-regexp-modifiers@https://registry.npmjs.org/@babel/plugin-transform-regexp-modifiers/-/plugin-transform-regexp-modifiers-7.29.7.tgz. Extracting by manifest.
946 silly tarball no local data for @babel/plugin-transform-regenerator@https://registry.npmjs.org/@babel/plugin-transform-regenerator/-/plugin-transform-regenerator-7.29.7.tgz. Extracting by manifest.
947 silly tarball no local data for @babel/plugin-transform-reserved-words@https://registry.npmjs.org/@babel/plugin-transform-reserved-words/-/plugin-transform-reserved-words-7.29.7.tgz. Extracting by manifest.
948 silly tarball no local data for @babel/plugin-transform-property-literals@https://registry.npmjs.org/@babel/plugin-transform-property-literals/-/plugin-transform-property-literals-7.29.7.tgz. Extracting by manifest.
949 silly tarball no local data for @babel/plugin-transform-private-property-in-object@https://registry.npmjs.org/@babel/plugin-transform-private-property-in-object/-/plugin-transform-private-property-in-object-7.29.7.tgz. Extracting by manifest.
950 silly tarball no local data for @babel/plugin-transform-parameters@https://registry.npmjs.org/@babel/plugin-transform-parameters/-/plugin-transform-parameters-7.29.7.tgz. Extracting by manifest.
951 silly tarball no local data for @babel/plugin-transform-private-methods@https://registry.npmjs.org/@babel/plugin-transform-private-methods/-/plugin-transform-private-methods-7.29.7.tgz. Extracting by manifest.
952 silly tarball no local data for @babel/plugin-transform-optional-chaining@https://registry.npmjs.org/@babel/plugin-transform-optional-chaining/-/plugin-transform-optional-chaining-7.29.7.tgz. Extracting by manifest.
953 silly tarball no local data for @babel/plugin-transform-optional-catch-binding@https://registry.npmjs.org/@babel/plugin-transform-optional-catch-binding/-/plugin-transform-optional-catch-binding-7.29.7.tgz. Extracting by manifest.
954 silly tarball no local data for @babel/plugin-transform-object-super@https://registry.npmjs.org/@babel/plugin-transform-object-super/-/plugin-transform-object-super-7.29.7.tgz. Extracting by manifest.
955 silly tarball no local data for @babel/plugin-transform-object-rest-spread@https://registry.npmjs.org/@babel/plugin-transform-object-rest-spread/-/plugin-transform-object-rest-spread-7.29.7.tgz. Extracting by manifest.
956 silly tarball no local data for @babel/plugin-transform-numeric-separator@https://registry.npmjs.org/@babel/plugin-transform-numeric-separator/-/plugin-transform-numeric-separator-7.29.7.tgz. Extracting by manifest.
957 silly tarball no local data for @babel/plugin-transform-new-target@https://registry.npmjs.org/@babel/plugin-transform-new-target/-/plugin-transform-new-target-7.29.7.tgz. Extracting by manifest.
958 silly tarball no local data for @babel/plugin-transform-nullish-coalescing-operator@https://registry.npmjs.org/@babel/plugin-transform-nullish-coalescing-operator/-/plugin-transform-nullish-coalescing-operator-7.29.7.tgz. Extracting by manifest.
959 silly tarball no local data for @babel/plugin-transform-modules-umd@https://registry.npmjs.org/@babel/plugin-transform-modules-umd/-/plugin-transform-modules-umd-7.29.7.tgz. Extracting by manifest.
960 silly tarball no local data for @babel/plugin-transform-modules-commonjs@https://registry.npmjs.org/@babel/plugin-transform-modules-commonjs/-/plugin-transform-modules-commonjs-7.29.7.tgz. Extracting by manifest.
961 silly tarball no local data for @babel/plugin-transform-modules-systemjs@https://registry.npmjs.org/@babel/plugin-transform-modules-systemjs/-/plugin-transform-modules-systemjs-7.29.7.tgz. Extracting by manifest.
962 silly tarball no local data for @babel/plugin-transform-modules-amd@https://registry.npmjs.org/@babel/plugin-transform-modules-amd/-/plugin-transform-modules-amd-7.29.7.tgz. Extracting by manifest.
963 silly tarball no local data for @babel/plugin-transform-named-capturing-groups-regex@https://registry.npmjs.org/@babel/plugin-transform-named-capturing-groups-regex/-/plugin-transform-named-capturing-groups-regex-7.29.7.tgz. Extracting by manifest.
964 silly tarball no local data for @babel/plugin-transform-member-expression-literals@https://registry.npmjs.org/@babel/plugin-transform-member-expression-literals/-/plugin-transform-member-expression-literals-7.29.7.tgz. Extracting by manifest.
965 silly tarball no local data for @babel/plugin-transform-logical-assignment-operators@https://registry.npmjs.org/@babel/plugin-transform-logical-assignment-operators/-/plugin-transform-logical-assignment-operators-7.29.7.tgz. Extracting by manifest.
966 silly tarball no local data for @babel/plugin-transform-literals@https://registry.npmjs.org/@babel/plugin-transform-literals/-/plugin-transform-literals-7.29.7.tgz. Extracting by manifest.
967 silly tarball no local data for @babel/plugin-transform-function-name@https://registry.npmjs.org/@babel/plugin-transform-function-name/-/plugin-transform-function-name-7.29.7.tgz. Extracting by manifest.
968 silly tarball no local data for @babel/plugin-transform-json-strings@https://registry.npmjs.org/@babel/plugin-transform-json-strings/-/plugin-transform-json-strings-7.29.7.tgz. Extracting by manifest.
969 silly tarball no local data for @babel/plugin-transform-for-of@https://registry.npmjs.org/@babel/plugin-transform-for-of/-/plugin-transform-for-of-7.29.7.tgz. Extracting by manifest.
970 silly tarball no local data for @babel/plugin-transform-exponentiation-operator@https://registry.npmjs.org/@babel/plugin-transform-exponentiation-operator/-/plugin-transform-exponentiation-operator-7.29.7.tgz. Extracting by manifest.
971 silly tarball no local data for @babel/plugin-transform-export-namespace-from@https://registry.npmjs.org/@babel/plugin-transform-export-namespace-from/-/plugin-transform-export-namespace-from-7.29.7.tgz. Extracting by manifest.
972 silly tarball no local data for @babel/plugin-transform-duplicate-named-capturing-groups-regex@https://registry.npmjs.org/@babel/plugin-transform-duplicate-named-capturing-groups-regex/-/plugin-transform-duplicate-named-capturing-groups-regex-7.29.7.tgz. Extracting by manifest.
973 silly tarball no local data for @babel/plugin-transform-dynamic-import@https://registry.npmjs.org/@babel/plugin-transform-dynamic-import/-/plugin-transform-dynamic-import-7.29.7.tgz. Extracting by manifest.
974 silly tarball no local data for @babel/plugin-transform-duplicate-keys@https://registry.npmjs.org/@babel/plugin-transform-duplicate-keys/-/plugin-transform-duplicate-keys-7.29.7.tgz. Extracting by manifest.
975 silly tarball no local data for @babel/plugin-transform-dotall-regex@https://registry.npmjs.org/@babel/plugin-transform-dotall-regex/-/plugin-transform-dotall-regex-7.29.7.tgz. Extracting by manifest.
976 silly tarball no local data for @babel/plugin-transform-destructuring@https://registry.npmjs.org/@babel/plugin-transform-destructuring/-/plugin-transform-destructuring-7.29.7.tgz. Extracting by manifest.
977 silly tarball no local data for @babel/plugin-transform-classes@https://registry.npmjs.org/@babel/plugin-transform-classes/-/plugin-transform-classes-7.29.7.tgz. Extracting by manifest.
978 silly tarball no local data for @babel/plugin-transform-computed-properties@https://registry.npmjs.org/@babel/plugin-transform-computed-properties/-/plugin-transform-computed-properties-7.29.7.tgz. Extracting by manifest.
979 silly tarball no local data for @babel/plugin-transform-class-static-block@https://registry.npmjs.org/@babel/plugin-transform-class-static-block/-/plugin-transform-class-static-block-7.29.7.tgz. Extracting by manifest.
980 silly tarball no local data for @babel/plugin-transform-class-properties@https://registry.npmjs.org/@babel/plugin-transform-class-properties/-/plugin-transform-class-properties-7.29.7.tgz. Extracting by manifest.
981 silly tarball no local data for @babel/plugin-transform-block-scoping@https://registry.npmjs.org/@babel/plugin-transform-block-scoping/-/plugin-transform-block-scoping-7.29.7.tgz. Extracting by manifest.
982 silly tarball no local data for @babel/plugin-transform-async-to-generator@https://registry.npmjs.org/@babel/plugin-transform-async-to-generator/-/plugin-transform-async-to-generator-7.25.9.tgz. Extracting by manifest.
983 silly tarball no local data for @babel/plugin-transform-block-scoped-functions@https://registry.npmjs.org/@babel/plugin-transform-block-scoped-functions/-/plugin-transform-block-scoped-functions-7.29.7.tgz. Extracting by manifest.
984 silly tarball no local data for @babel/plugin-transform-async-generator-functions@https://registry.npmjs.org/@babel/plugin-transform-async-generator-functions/-/plugin-transform-async-generator-functions-7.26.8.tgz. Extracting by manifest.
985 silly tarball no local data for @babel/plugin-transform-arrow-functions@https://registry.npmjs.org/@babel/plugin-transform-arrow-functions/-/plugin-transform-arrow-functions-7.29.7.tgz. Extracting by manifest.
986 silly tarball no local data for @babel/plugin-syntax-unicode-sets-regex@https://registry.npmjs.org/@babel/plugin-syntax-unicode-sets-regex/-/plugin-syntax-unicode-sets-regex-7.18.6.tgz. Extracting by manifest.
987 silly tarball no local data for @babel/plugin-proposal-private-property-in-object@https://registry.npmjs.org/@babel/plugin-proposal-private-property-in-object/-/plugin-proposal-private-property-in-object-7.21.0-placeholder-for-preset-env.2.tgz. Extracting by manifest.
988 silly tarball no local data for @babel/plugin-bugfix-v8-static-class-fields-redefine-readonly@https://registry.npmjs.org/@babel/plugin-bugfix-v8-static-class-fields-redefine-readonly/-/plugin-bugfix-v8-static-class-fields-redefine-readonly-7.29.7.tgz. Extracting by manifest.
989 silly tarball no local data for @babel/plugin-syntax-import-assertions@https://registry.npmjs.org/@babel/plugin-syntax-import-assertions/-/plugin-syntax-import-assertions-7.29.7.tgz. Extracting by manifest.
990 silly tarball no local data for @babel/plugin-bugfix-v8-spread-parameters-in-optional-chaining@https://registry.npmjs.org/@babel/plugin-bugfix-v8-spread-parameters-in-optional-chaining/-/plugin-bugfix-v8-spread-parameters-in-optional-chaining-7.29.7.tgz. Extracting by manifest.
991 silly tarball no local data for @babel/plugin-bugfix-safari-id-destructuring-collision-in-function-expression@https://registry.npmjs.org/@babel/plugin-bugfix-safari-id-destructuring-collision-in-function-expression/-/plugin-bugfix-safari-id-destructuring-collision-in-function-expression-7.29.7.tgz. Extracting by manifest.
992 silly tarball no local data for @babel/plugin-bugfix-safari-class-field-initializer-scope@https://registry.npmjs.org/@babel/plugin-bugfix-safari-class-field-initializer-scope/-/plugin-bugfix-safari-class-field-initializer-scope-7.29.7.tgz. Extracting by manifest.
993 silly tarball no local data for @babel/plugin-syntax-import-attributes@https://registry.npmjs.org/@babel/plugin-syntax-import-attributes/-/plugin-syntax-import-attributes-7.26.0.tgz. Extracting by manifest.
994 silly tarball no local data for @babel/plugin-bugfix-firefox-class-in-computed-class-key@https://registry.npmjs.org/@babel/plugin-bugfix-firefox-class-in-computed-class-key/-/plugin-bugfix-firefox-class-in-computed-class-key-7.29.7.tgz. Extracting by manifest.
995 silly tarball no local data for @babel/helpers@https://registry.npmjs.org/@babel/helpers/-/helpers-7.29.7.tgz. Extracting by manifest.
996 silly tarball no local data for @babel/parser@https://registry.npmjs.org/@babel/parser/-/parser-7.29.7.tgz. Extracting by manifest.
997 silly tarball no local data for @babel/helper-validator-option@https://registry.npmjs.org/@babel/helper-validator-option/-/helper-validator-option-7.29.7.tgz. Extracting by manifest.
998 silly tarball no local data for @babel/helper-validator-identifier@https://registry.npmjs.org/@babel/helper-validator-identifier/-/helper-validator-identifier-7.29.7.tgz. Extracting by manifest.
999 silly tarball no local data for @babel/helper-string-parser@https://registry.npmjs.org/@babel/helper-string-parser/-/helper-string-parser-7.29.7.tgz. Extracting by manifest.
1000 silly tarball no local data for @babel/helper-split-export-declaration@https://registry.npmjs.org/@babel/helper-split-export-declaration/-/helper-split-export-declaration-7.24.7.tgz. Extracting by manifest.
1001 silly tarball no local data for @babel/helper-skip-transparent-expression-wrappers@https://registry.npmjs.org/@babel/helper-skip-transparent-expression-wrappers/-/helper-skip-transparent-expression-wrappers-7.29.7.tgz. Extracting by manifest.
1002 silly tarball no local data for @babel/helper-wrap-function@https://registry.npmjs.org/@babel/helper-wrap-function/-/helper-wrap-function-7.29.7.tgz. Extracting by manifest.
1003 silly tarball no local data for @babel/helper-replace-supers@https://registry.npmjs.org/@babel/helper-replace-supers/-/helper-replace-supers-7.29.7.tgz. Extracting by manifest.
1004 silly tarball no local data for @babel/helper-remap-async-to-generator@https://registry.npmjs.org/@babel/helper-remap-async-to-generator/-/helper-remap-async-to-generator-7.29.7.tgz. Extracting by manifest.
1005 silly tarball no local data for @babel/helper-optimise-call-expression@https://registry.npmjs.org/@babel/helper-optimise-call-expression/-/helper-optimise-call-expression-7.29.7.tgz. Extracting by manifest.
1006 silly tarball no local data for @babel/helper-plugin-utils@https://registry.npmjs.org/@babel/helper-plugin-utils/-/helper-plugin-utils-7.29.7.tgz. Extracting by manifest.
1007 silly tarball no local data for @babel/helper-module-transforms@https://registry.npmjs.org/@babel/helper-module-transforms/-/helper-module-transforms-7.29.7.tgz. Extracting by manifest.
1008 silly tarball no local data for @babel/helper-module-imports@https://registry.npmjs.org/@babel/helper-module-imports/-/helper-module-imports-7.29.7.tgz. Extracting by manifest.
1009 silly tarball no local data for @babel/helper-member-expression-to-functions@https://registry.npmjs.org/@babel/helper-member-expression-to-functions/-/helper-member-expression-to-functions-7.29.7.tgz. Extracting by manifest.
1010 silly tarball no local data for @babel/helper-define-polyfill-provider@https://registry.npmjs.org/@babel/helper-define-polyfill-provider/-/helper-define-polyfill-provider-0.6.8.tgz. Extracting by manifest.
1011 silly tarball no local data for @babel/helper-create-regexp-features-plugin@https://registry.npmjs.org/@babel/helper-create-regexp-features-plugin/-/helper-create-regexp-features-plugin-7.29.7.tgz. Extracting by manifest.
1012 silly tarball no local data for @babel/helper-globals@https://registry.npmjs.org/@babel/helper-globals/-/helper-globals-7.29.7.tgz. Extracting by manifest.
1013 silly tarball no local data for @babel/helper-create-class-features-plugin@https://registry.npmjs.org/@babel/helper-create-class-features-plugin/-/helper-create-class-features-plugin-7.29.7.tgz. Extracting by manifest.
1014 silly tarball no local data for @babel/helper-compilation-targets@https://registry.npmjs.org/@babel/helper-compilation-targets/-/helper-compilation-targets-7.29.7.tgz. Extracting by manifest.
1015 silly tarball no local data for @babel/helper-annotate-as-pure@https://registry.npmjs.org/@babel/helper-annotate-as-pure/-/helper-annotate-as-pure-7.25.9.tgz. Extracting by manifest.
1016 silly tarball no local data for @babel/generator@https://registry.npmjs.org/@babel/generator/-/generator-7.26.10.tgz. Extracting by manifest.
1017 silly tarball no local data for @babel/core@https://registry.npmjs.org/@babel/core/-/core-7.26.10.tgz. Extracting by manifest.
1018 silly tarball no local data for @babel/compat-data@https://registry.npmjs.org/@babel/compat-data/-/compat-data-7.29.7.tgz. Extracting by manifest.
1019 silly tarball no local data for @auth0/angular-jwt@https://registry.npmjs.org/@auth0/angular-jwt/-/angular-jwt-5.2.0.tgz. Extracting by manifest.
1020 silly tarball no local data for @babel/code-frame@https://registry.npmjs.org/@babel/code-frame/-/code-frame-7.29.7.tgz. Extracting by manifest.
1021 silly tarball no local data for @angular/router@https://registry.npmjs.org/@angular/router/-/router-19.2.25.tgz. Extracting by manifest.
1022 silly tarball no local data for @angular/platform-browser-dynamic@https://registry.npmjs.org/@angular/platform-browser-dynamic/-/platform-browser-dynamic-19.2.25.tgz. Extracting by manifest.
1023 silly tarball no local data for @angular/forms@https://registry.npmjs.org/@angular/forms/-/forms-19.2.25.tgz. Extracting by manifest.
1024 silly tarball no local data for @angular/platform-browser@https://registry.npmjs.org/@angular/platform-browser/-/platform-browser-19.2.25.tgz. Extracting by manifest.
1025 silly tarball no local data for @angular/compiler-cli@https://registry.npmjs.org/@angular/compiler-cli/-/compiler-cli-19.2.25.tgz. Extracting by manifest.
1026 silly tarball no local data for @angular/compiler@https://registry.npmjs.org/@angular/compiler/-/compiler-19.2.25.tgz. Extracting by manifest.
1027 silly tarball no local data for @angular/core@https://registry.npmjs.org/@angular/core/-/core-19.2.25.tgz. Extracting by manifest.
1028 silly tarball no local data for @angular/common@https://registry.npmjs.org/@angular/common/-/common-19.2.25.tgz. Extracting by manifest.
1029 silly tarball no local data for @angular-devkit/core@https://registry.npmjs.org/@angular-devkit/core/-/core-19.2.27.tgz. Extracting by manifest.
1030 silly tarball no local data for @angular/cli@https://registry.npmjs.org/@angular/cli/-/cli-19.2.27.tgz. Extracting by manifest.
1031 silly tarball no local data for @angular/build@https://registry.npmjs.org/@angular/build/-/build-19.2.27.tgz. Extracting by manifest.
1032 silly tarball no local data for @angular-devkit/schematics@https://registry.npmjs.org/@angular-devkit/schematics/-/schematics-19.2.27.tgz. Extracting by manifest.
1033 silly tarball no local data for @angular-devkit/build-webpack@https://registry.npmjs.org/@angular-devkit/build-webpack/-/build-webpack-0.1902.27.tgz. Extracting by manifest.
1034 silly tarball no local data for @ampproject/remapping@https://registry.npmjs.org/@ampproject/remapping/-/remapping-2.3.0.tgz. Extracting by manifest.
1035 silly tarball no local data for @angular-devkit/build-angular@https://registry.npmjs.org/@angular-devkit/build-angular/-/build-angular-19.2.27.tgz. Extracting by manifest.
1036 silly tarball no local data for @angular-devkit/architect@https://registry.npmjs.org/@angular-devkit/architect/-/architect-0.1902.27.tgz. Extracting by manifest.
1037 silly tarball no local data for is-fullwidth-code-point@https://registry.npmjs.org/is-fullwidth-code-point/-/is-fullwidth-code-point-3.0.0.tgz. Extracting by manifest.
1038 silly tarball no local data for string-width@https://registry.npmjs.org/string-width/-/string-width-4.2.3.tgz. Extracting by manifest.
1039 silly tarball no local data for strip-ansi@https://registry.npmjs.org/strip-ansi/-/strip-ansi-6.0.1.tgz. Extracting by manifest.
1040 silly tarball no local data for ansi-regex@https://registry.npmjs.org/ansi-regex/-/ansi-regex-5.0.1.tgz. Extracting by manifest.
1041 silly tarball no local data for string-width@https://registry.npmjs.org/string-width/-/string-width-4.2.3.tgz. Extracting by manifest.
1042 silly tarball no local data for emoji-regex@https://registry.npmjs.org/emoji-regex/-/emoji-regex-8.0.0.tgz. Extracting by manifest.
1043 silly tarball no local data for strip-ansi@https://registry.npmjs.org/strip-ansi/-/strip-ansi-6.0.1.tgz. Extracting by manifest.
1044 silly tarball no local data for string-width@https://registry.npmjs.org/string-width/-/string-width-4.2.3.tgz. Extracting by manifest.
1045 silly tarball no local data for emoji-regex@https://registry.npmjs.org/emoji-regex/-/emoji-regex-8.0.0.tgz. Extracting by manifest.
1046 silly tarball no local data for ansi-regex@https://registry.npmjs.org/ansi-regex/-/ansi-regex-5.0.1.tgz. Extracting by manifest.
1047 silly tarball no local data for is-fullwidth-code-point@https://registry.npmjs.org/is-fullwidth-code-point/-/is-fullwidth-code-point-3.0.0.tgz. Extracting by manifest.
1048 silly tarball no local data for readdirp@https://registry.npmjs.org/readdirp/-/readdirp-3.6.0.tgz. Extracting by manifest.
1049 silly tarball no local data for is-fullwidth-code-point@https://registry.npmjs.org/is-fullwidth-code-point/-/is-fullwidth-code-point-3.0.0.tgz. Extracting by manifest.
1050 silly tarball no local data for emoji-regex@https://registry.npmjs.org/emoji-regex/-/emoji-regex-8.0.0.tgz. Extracting by manifest.
1051 silly tarball no local data for strip-ansi@https://registry.npmjs.org/strip-ansi/-/strip-ansi-6.0.1.tgz. Extracting by manifest.
1052 silly tarball no local data for watchpack@https://registry.npmjs.org/watchpack/-/watchpack-2.5.2.tgz. Extracting by manifest.
1053 silly tarball no local data for ansi-regex@https://registry.npmjs.org/ansi-regex/-/ansi-regex-5.0.1.tgz. Extracting by manifest.
1054 silly tarball no local data for picomatch@https://registry.npmjs.org/picomatch/-/picomatch-2.3.2.tgz. Extracting by manifest.
1055 silly tarball no local data for http-proxy-middleware@https://registry.npmjs.org/http-proxy-middleware/-/http-proxy-middleware-2.0.9.tgz. Extracting by manifest.
1056 silly tarball no local data for glob-parent@https://registry.npmjs.org/glob-parent/-/glob-parent-5.1.2.tgz. Extracting by manifest.
1057 silly tarball no local data for chokidar@https://registry.npmjs.org/chokidar/-/chokidar-3.6.0.tgz. Extracting by manifest.
1058 silly tarball no local data for esbuild@https://registry.npmjs.org/esbuild/-/esbuild-0.25.12.tgz. Extracting by manifest.
1059 silly tarball no local data for json-parse-even-better-errors@https://registry.npmjs.org/json-parse-even-better-errors/-/json-parse-even-better-errors-2.3.1.tgz. Extracting by manifest.
1060 silly tarball no local data for @esbuild/win32-x64@https://registry.npmjs.org/@esbuild/win32-x64/-/win32-x64-0.25.12.tgz. Extracting by manifest.
1061 silly tarball no local data for minipass@https://registry.npmjs.org/minipass/-/minipass-3.3.6.tgz. Extracting by manifest.
1062 silly tarball no local data for mkdirp@https://registry.npmjs.org/mkdirp/-/mkdirp-1.0.4.tgz. Extracting by manifest.
1063 silly tarball no local data for yallist@https://registry.npmjs.org/yallist/-/yallist-4.0.0.tgz. Extracting by manifest.
1064 silly tarball no local data for minizlib@https://registry.npmjs.org/minizlib/-/minizlib-2.1.2.tgz. Extracting by manifest.
1065 silly tarball no local data for minipass@https://registry.npmjs.org/minipass/-/minipass-3.3.6.tgz. Extracting by manifest.
1066 silly tarball no local data for minipass@https://registry.npmjs.org/minipass/-/minipass-5.0.0.tgz. Extracting by manifest.
1067 silly tarball no local data for fs-minipass@https://registry.npmjs.org/fs-minipass/-/fs-minipass-2.1.0.tgz. Extracting by manifest.
1068 silly tarball no local data for is-fullwidth-code-point@https://registry.npmjs.org/is-fullwidth-code-point/-/is-fullwidth-code-point-3.0.0.tgz. Extracting by manifest.
1069 silly tarball no local data for ansi-regex@https://registry.npmjs.org/ansi-regex/-/ansi-regex-5.0.1.tgz. Extracting by manifest.
1070 silly tarball no local data for source-map@https://registry.npmjs.org/source-map/-/source-map-0.6.1.tgz. Extracting by manifest.
1071 silly tarball no local data for ansi-regex@https://registry.npmjs.org/ansi-regex/-/ansi-regex-5.0.1.tgz. Extracting by manifest.
1072 silly tarball no local data for strip-ansi@https://registry.npmjs.org/strip-ansi/-/strip-ansi-6.0.1.tgz. Extracting by manifest.
1073 silly tarball no local data for emoji-regex@https://registry.npmjs.org/emoji-regex/-/emoji-regex-8.0.0.tgz. Extracting by manifest.
1074 silly tarball no local data for iconv-lite@https://registry.npmjs.org/iconv-lite/-/iconv-lite-0.6.3.tgz. Extracting by manifest.
1075 silly tarball no local data for ansi-styles@https://registry.npmjs.org/ansi-styles/-/ansi-styles-6.2.3.tgz. Extracting by manifest.
1076 silly tarball no local data for encodeurl@https://registry.npmjs.org/encodeurl/-/encodeurl-2.0.0.tgz. Extracting by manifest.
1077 silly tarball no local data for ms@https://registry.npmjs.org/ms/-/ms-2.0.0.tgz. Extracting by manifest.
1078 silly tarball no local data for statuses@https://registry.npmjs.org/statuses/-/statuses-2.0.2.tgz. Extracting by manifest.
1079 silly tarball no local data for depd@https://registry.npmjs.org/depd/-/depd-1.1.2.tgz. Extracting by manifest.
1080 silly tarball no local data for debug@https://registry.npmjs.org/debug/-/debug-2.6.9.tgz. Extracting by manifest.
1081 silly tarball no local data for mime@https://registry.npmjs.org/mime/-/mime-1.6.0.tgz. Extracting by manifest.
1082 silly tarball no local data for http-errors@https://registry.npmjs.org/http-errors/-/http-errors-1.8.1.tgz. Extracting by manifest.
1083 silly tarball no local data for ms@https://registry.npmjs.org/ms/-/ms-2.0.0.tgz. Extracting by manifest.
1084 silly tarball no local data for ajv-formats@https://registry.npmjs.org/ajv-formats/-/ajv-formats-2.1.1.tgz. Extracting by manifest.
1085 silly tarball no local data for encodeurl@https://registry.npmjs.org/encodeurl/-/encodeurl-2.0.0.tgz. Extracting by manifest.
1086 silly tarball no local data for debug@https://registry.npmjs.org/debug/-/debug-2.6.9.tgz. Extracting by manifest.
1087 silly tarball no local data for source-map@https://registry.npmjs.org/source-map/-/source-map-0.6.1.tgz. Extracting by manifest.
1088 silly tarball no local data for iconv-lite@https://registry.npmjs.org/iconv-lite/-/iconv-lite-0.4.24.tgz. Extracting by manifest.
1089 silly tarball no local data for ipaddr.js@https://registry.npmjs.org/ipaddr.js/-/ipaddr.js-1.9.1.tgz. Extracting by manifest.
1090 silly tarball no local data for lru-cache@https://registry.npmjs.org/lru-cache/-/lru-cache-10.4.3.tgz. Extracting by manifest.
1091 silly tarball no local data for retry@https://registry.npmjs.org/retry/-/retry-0.13.1.tgz. Extracting by manifest.
1092 silly tarball no local data for loader-utils@https://registry.npmjs.org/loader-utils/-/loader-utils-2.0.4.tgz. Extracting by manifest.
1093 silly tarball no local data for json-parse-even-better-errors@https://registry.npmjs.org/json-parse-even-better-errors/-/json-parse-even-better-errors-2.3.1.tgz. Extracting by manifest.
1094 silly tarball no local data for entities@https://registry.npmjs.org/entities/-/entities-6.0.1.tgz. Extracting by manifest.
1095 silly tarball no local data for strip-ansi@https://registry.npmjs.org/strip-ansi/-/strip-ansi-6.0.1.tgz. Extracting by manifest.
1096 silly tarball no local data for onetime@https://registry.npmjs.org/onetime/-/onetime-5.1.2.tgz. Extracting by manifest.
1097 silly tarball no local data for signal-exit@https://registry.npmjs.org/signal-exit/-/signal-exit-3.0.7.tgz. Extracting by manifest.
1098 silly tarball no local data for restore-cursor@https://registry.npmjs.org/restore-cursor/-/restore-cursor-3.1.0.tgz. Extracting by manifest.
1099 silly tarball no local data for which@https://registry.npmjs.org/which/-/which-5.0.0.tgz. Extracting by manifest.
1100 silly tarball no local data for yallist@https://registry.npmjs.org/yallist/-/yallist-5.0.0.tgz. Extracting by manifest.
1101 silly tarball no local data for ansi-regex@https://registry.npmjs.org/ansi-regex/-/ansi-regex-5.0.1.tgz. Extracting by manifest.
1102 silly tarball no local data for cli-cursor@https://registry.npmjs.org/cli-cursor/-/cli-cursor-3.1.0.tgz. Extracting by manifest.
1103 silly tarball no local data for iconv-lite@https://registry.npmjs.org/iconv-lite/-/iconv-lite-0.6.3.tgz. Extracting by manifest.
1104 silly tarball no local data for tar@https://registry.npmjs.org/tar/-/tar-7.5.16.tgz. Extracting by manifest.
1105 silly tarball no local data for isexe@https://registry.npmjs.org/isexe/-/isexe-3.1.5.tgz. Extracting by manifest.
1106 silly tarball no local data for yallist@https://registry.npmjs.org/yallist/-/yallist-4.0.0.tgz. Extracting by manifest.
1107 silly tarball no local data for chownr@https://registry.npmjs.org/chownr/-/chownr-3.0.0.tgz. Extracting by manifest.
1108 silly tarball no local data for minipass@https://registry.npmjs.org/minipass/-/minipass-3.3.6.tgz. Extracting by manifest.
1109 silly tarball no local data for minipass@https://registry.npmjs.org/minipass/-/minipass-3.3.6.tgz. Extracting by manifest.
1110 silly tarball no local data for yallist@https://registry.npmjs.org/yallist/-/yallist-4.0.0.tgz. Extracting by manifest.
1111 silly tarball no local data for yallist@https://registry.npmjs.org/yallist/-/yallist-4.0.0.tgz. Extracting by manifest.
1112 silly tarball no local data for minipass@https://registry.npmjs.org/minipass/-/minipass-3.3.6.tgz. Extracting by manifest.
1113 silly tarball no local data for picomatch@https://registry.npmjs.org/picomatch/-/picomatch-2.3.2.tgz. Extracting by manifest.
1114 silly tarball no local data for wrap-ansi@https://registry.npmjs.org/wrap-ansi/-/wrap-ansi-9.0.2.tgz. Extracting by manifest.
1115 silly tarball no local data for wrap-ansi@https://registry.npmjs.org/wrap-ansi/-/wrap-ansi-9.0.2.tgz. Extracting by manifest.
1116 silly tarball no local data for is-fullwidth-code-point@https://registry.npmjs.org/is-fullwidth-code-point/-/is-fullwidth-code-point-5.1.0.tgz. Extracting by manifest.
1117 silly tarball no local data for eventemitter3@https://registry.npmjs.org/eventemitter3/-/eventemitter3-5.0.4.tgz. Extracting by manifest.
1118 silly tarball no local data for slice-ansi@https://registry.npmjs.org/slice-ansi/-/slice-ansi-7.1.2.tgz. Extracting by manifest.
1119 silly tarball no local data for source-map@https://registry.npmjs.org/source-map/-/source-map-0.6.1.tgz. Extracting by manifest.
1120 silly tarball no local data for semver@https://registry.npmjs.org/semver/-/semver-6.3.1.tgz. Extracting by manifest.
1121 silly tarball no local data for ansi-styles@https://registry.npmjs.org/ansi-styles/-/ansi-styles-6.2.3.tgz. Extracting by manifest.
1122 silly tarball no local data for semver@https://registry.npmjs.org/semver/-/semver-5.7.2.tgz. Extracting by manifest.
1123 silly tarball no local data for mime@https://registry.npmjs.org/mime/-/mime-1.6.0.tgz. Extracting by manifest.
1124 silly tarball no local data for ansi-styles@https://registry.npmjs.org/ansi-styles/-/ansi-styles-6.2.3.tgz. Extracting by manifest.
1125 silly tarball no local data for jasmine-core@https://registry.npmjs.org/jasmine-core/-/jasmine-core-4.6.1.tgz. Extracting by manifest.
1126 silly tarball no local data for istanbul-lib-instrument@https://registry.npmjs.org/istanbul-lib-instrument/-/istanbul-lib-instrument-5.2.1.tgz. Extracting by manifest.
1127 silly tarball no local data for wrap-ansi@https://registry.npmjs.org/wrap-ansi/-/wrap-ansi-7.0.0.tgz. Extracting by manifest.
1128 silly tarball no local data for make-dir@https://registry.npmjs.org/make-dir/-/make-dir-2.1.0.tgz. Extracting by manifest.
1129 silly tarball no local data for yargs-parser@https://registry.npmjs.org/yargs-parser/-/yargs-parser-20.2.9.tgz. Extracting by manifest.
1130 silly tarball no local data for yargs@https://registry.npmjs.org/yargs/-/yargs-16.2.0.tgz. Extracting by manifest.
1131 silly tarball no local data for strip-ansi@https://registry.npmjs.org/strip-ansi/-/strip-ansi-6.0.1.tgz. Extracting by manifest.
1132 silly tarball no local data for source-map@https://registry.npmjs.org/source-map/-/source-map-0.6.1.tgz. Extracting by manifest.
1133 silly tarball no local data for is-fullwidth-code-point@https://registry.npmjs.org/is-fullwidth-code-point/-/is-fullwidth-code-point-3.0.0.tgz. Extracting by manifest.
1134 silly tarball no local data for string-width@https://registry.npmjs.org/string-width/-/string-width-4.2.3.tgz. Extracting by manifest.
1135 silly tarball no local data for picomatch@https://registry.npmjs.org/picomatch/-/picomatch-2.3.2.tgz. Extracting by manifest.
1136 silly tarball no local data for emoji-regex@https://registry.npmjs.org/emoji-regex/-/emoji-regex-8.0.0.tgz. Extracting by manifest.
1137 silly tarball no local data for readdirp@https://registry.npmjs.org/readdirp/-/readdirp-3.6.0.tgz. Extracting by manifest.
1138 silly tarball no local data for cliui@https://registry.npmjs.org/cliui/-/cliui-7.0.4.tgz. Extracting by manifest.
1139 silly tarball no local data for ansi-regex@https://registry.npmjs.org/ansi-regex/-/ansi-regex-5.0.1.tgz. Extracting by manifest.
1140 silly tarball no local data for chokidar@https://registry.npmjs.org/chokidar/-/chokidar-3.6.0.tgz. Extracting by manifest.
1141 silly tarball no local data for source-map@https://registry.npmjs.org/source-map/-/source-map-0.6.1.tgz. Extracting by manifest.
1142 silly tarball no local data for brace-expansion@https://registry.npmjs.org/brace-expansion/-/brace-expansion-2.1.1.tgz. Extracting by manifest.
1143 silly tarball no local data for minimatch@https://registry.npmjs.org/minimatch/-/minimatch-9.0.9.tgz. Extracting by manifest.
1144 silly tarball no local data for supports-color@https://registry.npmjs.org/supports-color/-/supports-color-8.1.1.tgz. Extracting by manifest.
1145 silly tarball no local data for statuses@https://registry.npmjs.org/statuses/-/statuses-2.0.2.tgz. Extracting by manifest.
1146 silly tarball no local data for string_decoder@https://registry.npmjs.org/string_decoder/-/string_decoder-1.1.1.tgz. Extracting by manifest.
1147 silly tarball no local data for entities@https://registry.npmjs.org/entities/-/entities-7.0.1.tgz. Extracting by manifest.
1148 silly tarball no local data for safe-buffer@https://registry.npmjs.org/safe-buffer/-/safe-buffer-5.1.2.tgz. Extracting by manifest.
1149 silly tarball no local data for lru-cache@https://registry.npmjs.org/lru-cache/-/lru-cache-10.4.3.tgz. Extracting by manifest.
1150 silly tarball no local data for on-finished@https://registry.npmjs.org/on-finished/-/on-finished-2.3.0.tgz. Extracting by manifest.
1151 silly tarball no local data for readable-stream@https://registry.npmjs.org/readable-stream/-/readable-stream-2.3.8.tgz. Extracting by manifest.
1152 silly tarball no local data for debug@https://registry.npmjs.org/debug/-/debug-2.6.9.tgz. Extracting by manifest.
1153 silly tarball no local data for glob-parent@https://registry.npmjs.org/glob-parent/-/glob-parent-5.1.2.tgz. Extracting by manifest.
1154 silly tarball no local data for ms@https://registry.npmjs.org/ms/-/ms-2.0.0.tgz. Extracting by manifest.
1155 silly tarball no local data for statuses@https://registry.npmjs.org/statuses/-/statuses-2.0.2.tgz. Extracting by manifest.
1156 silly tarball no local data for ms@https://registry.npmjs.org/ms/-/ms-2.0.0.tgz. Extracting by manifest.
1157 silly tarball no local data for iconv-lite@https://registry.npmjs.org/iconv-lite/-/iconv-lite-0.6.3.tgz. Extracting by manifest.
1158 silly tarball no local data for encodeurl@https://registry.npmjs.org/encodeurl/-/encodeurl-2.0.0.tgz. Extracting by manifest.
1159 silly tarball no local data for finalhandler@https://registry.npmjs.org/finalhandler/-/finalhandler-1.3.2.tgz. Extracting by manifest.
1160 silly tarball no local data for debug@https://registry.npmjs.org/debug/-/debug-2.6.9.tgz. Extracting by manifest.
1161 silly tarball no local data for estraverse@https://registry.npmjs.org/estraverse/-/estraverse-5.3.0.tgz. Extracting by manifest.
1162 silly tarball no local data for ms@https://registry.npmjs.org/ms/-/ms-2.0.0.tgz. Extracting by manifest.
1163 silly tarball no local data for which@https://registry.npmjs.org/which/-/which-2.0.2.tgz. Extracting by manifest.
1164 silly tarball no local data for negotiator@https://registry.npmjs.org/negotiator/-/negotiator-0.6.4.tgz. Extracting by manifest.
1165 silly tarball no local data for debug@https://registry.npmjs.org/debug/-/debug-2.6.9.tgz. Extracting by manifest.
1166 silly tarball no local data for ms@https://registry.npmjs.org/ms/-/ms-2.0.0.tgz. Extracting by manifest.
1167 silly tarball no local data for debug@https://registry.npmjs.org/debug/-/debug-2.6.9.tgz. Extracting by manifest.
1168 silly tarball no local data for is-plain-object@https://registry.npmjs.org/is-plain-object/-/is-plain-object-2.0.4.tgz. Extracting by manifest.
1169 silly tarball no local data for wrap-ansi@https://registry.npmjs.org/wrap-ansi/-/wrap-ansi-7.0.0.tgz. Extracting by manifest.
1170 silly tarball no local data for string-width@https://registry.npmjs.org/string-width/-/string-width-4.2.3.tgz. Extracting by manifest.
1171 silly tarball no local data for strip-ansi@https://registry.npmjs.org/strip-ansi/-/strip-ansi-6.0.1.tgz. Extracting by manifest.
1172 silly tarball no local data for is-fullwidth-code-point@https://registry.npmjs.org/is-fullwidth-code-point/-/is-fullwidth-code-point-3.0.0.tgz. Extracting by manifest.
1173 silly tarball no local data for tar@https://registry.npmjs.org/tar/-/tar-7.5.16.tgz. Extracting by manifest.
1174 silly tarball no local data for emoji-regex@https://registry.npmjs.org/emoji-regex/-/emoji-regex-8.0.0.tgz. Extracting by manifest.
1175 silly tarball no local data for ansi-regex@https://registry.npmjs.org/ansi-regex/-/ansi-regex-5.0.1.tgz. Extracting by manifest.
1176 silly tarball no local data for yallist@https://registry.npmjs.org/yallist/-/yallist-5.0.0.tgz. Extracting by manifest.
1177 silly tarball no local data for glob-parent@https://registry.npmjs.org/glob-parent/-/glob-parent-5.1.2.tgz. Extracting by manifest.
1178 silly tarball no local data for lru-cache@https://registry.npmjs.org/lru-cache/-/lru-cache-10.4.3.tgz. Extracting by manifest.
1179 silly tarball no local data for minimatch@https://registry.npmjs.org/minimatch/-/minimatch-9.0.9.tgz. Extracting by manifest.
1180 silly tarball no local data for glob@https://registry.npmjs.org/glob/-/glob-10.5.0.tgz. Extracting by manifest.
1181 silly tarball no local data for chownr@https://registry.npmjs.org/chownr/-/chownr-3.0.0.tgz. Extracting by manifest.
1182 silly tarball no local data for brace-expansion@https://registry.npmjs.org/brace-expansion/-/brace-expansion-2.1.1.tgz. Extracting by manifest.
1183 silly tarball no local data for iconv-lite@https://registry.npmjs.org/iconv-lite/-/iconv-lite-0.4.24.tgz. Extracting by manifest.
1184 silly tarball no local data for loader-utils@https://registry.npmjs.org/loader-utils/-/loader-utils-2.0.4.tgz. Extracting by manifest.
1185 silly tarball no local data for semver@https://registry.npmjs.org/semver/-/semver-6.3.1.tgz. Extracting by manifest.
1186 silly tarball no local data for picomatch@https://registry.npmjs.org/picomatch/-/picomatch-2.3.2.tgz. Extracting by manifest.
1187 silly tarball no local data for negotiator@https://registry.npmjs.org/negotiator/-/negotiator-0.6.3.tgz. Extracting by manifest.
1188 silly tarball no local data for @types/send@https://registry.npmjs.org/@types/send/-/send-0.17.6.tgz. Extracting by manifest.
1189 silly tarball no local data for brace-expansion@https://registry.npmjs.org/brace-expansion/-/brace-expansion-2.1.1.tgz. Extracting by manifest.
1190 silly tarball no local data for minimatch@https://registry.npmjs.org/minimatch/-/minimatch-9.0.9.tgz. Extracting by manifest.
1191 silly tarball no local data for node-addon-api@https://registry.npmjs.org/node-addon-api/-/node-addon-api-7.1.1.tgz. Extracting by manifest.
1192 silly tarball no local data for which@https://registry.npmjs.org/which/-/which-5.0.0.tgz. Extracting by manifest.
1193 silly tarball no local data for which@https://registry.npmjs.org/which/-/which-5.0.0.tgz. Extracting by manifest.
1194 silly tarball no local data for isexe@https://registry.npmjs.org/isexe/-/isexe-3.1.5.tgz. Extracting by manifest.
1195 silly tarball no local data for isexe@https://registry.npmjs.org/isexe/-/isexe-3.1.5.tgz. Extracting by manifest.
1196 silly tarball no local data for debug@https://registry.npmjs.org/debug/-/debug-2.6.9.tgz. Extracting by manifest.
1197 silly tarball no local data for ms@https://registry.npmjs.org/ms/-/ms-2.0.0.tgz. Extracting by manifest.
1198 silly tarball no local data for minimatch@https://registry.npmjs.org/minimatch/-/minimatch-9.0.9.tgz. Extracting by manifest.
1199 silly tarball no local data for which@https://registry.npmjs.org/which/-/which-5.0.0.tgz. Extracting by manifest.
1200 silly tarball no local data for brace-expansion@https://registry.npmjs.org/brace-expansion/-/brace-expansion-2.1.1.tgz. Extracting by manifest.
1201 silly tarball no local data for mute-stream@https://registry.npmjs.org/mute-stream/-/mute-stream-1.0.0.tgz. Extracting by manifest.
1202 silly tarball no local data for glob@https://registry.npmjs.org/glob/-/glob-10.5.0.tgz. Extracting by manifest.
1203 silly tarball no local data for isexe@https://registry.npmjs.org/isexe/-/isexe-3.1.5.tgz. Extracting by manifest.
1204 silly tarball no local data for lru-cache@https://registry.npmjs.org/lru-cache/-/lru-cache-10.4.3.tgz. Extracting by manifest.
1205 silly tarball no local data for @inquirer/type@https://registry.npmjs.org/@inquirer/type/-/type-1.5.5.tgz. Extracting by manifest.
1206 silly tarball no local data for lru-cache@https://registry.npmjs.org/lru-cache/-/lru-cache-10.4.3.tgz. Extracting by manifest.
1207 silly tarball no local data for @jsonjoy.com/buffers@https://registry.npmjs.org/@jsonjoy.com/buffers/-/buffers-1.2.1.tgz. Extracting by manifest.
1208 silly tarball no local data for @jsonjoy.com/buffers@https://registry.npmjs.org/@jsonjoy.com/buffers/-/buffers-1.2.1.tgz. Extracting by manifest.
1209 silly tarball no local data for @jsonjoy.com/util@https://registry.npmjs.org/@jsonjoy.com/util/-/util-17.67.0.tgz. Extracting by manifest.
1210 silly tarball no local data for @jsonjoy.com/json-pointer@https://registry.npmjs.org/@jsonjoy.com/json-pointer/-/json-pointer-17.67.0.tgz. Extracting by manifest.
1211 silly tarball no local data for wrap-ansi@https://registry.npmjs.org/wrap-ansi/-/wrap-ansi-8.1.0.tgz. Extracting by manifest.
1212 silly tarball no local data for @jsonjoy.com/json-pack@https://registry.npmjs.org/@jsonjoy.com/json-pack/-/json-pack-17.67.0.tgz. Extracting by manifest.
1213 silly tarball no local data for @babel/generator@https://registry.npmjs.org/@babel/generator/-/generator-7.29.7.tgz. Extracting by manifest.
1214 silly tarball no local data for @jsonjoy.com/base64@https://registry.npmjs.org/@jsonjoy.com/base64/-/base64-17.67.0.tgz. Extracting by manifest.
1215 silly tarball no local data for @jsonjoy.com/codegen@https://registry.npmjs.org/@jsonjoy.com/codegen/-/codegen-17.67.0.tgz. Extracting by manifest.
1216 silly tarball no local data for ansi-styles@https://registry.npmjs.org/ansi-styles/-/ansi-styles-6.2.3.tgz. Extracting by manifest.
1217 silly tarball no local data for semver@https://registry.npmjs.org/semver/-/semver-6.3.1.tgz. Extracting by manifest.
1218 silly tarball no local data for emoji-regex@https://registry.npmjs.org/emoji-regex/-/emoji-regex-9.2.2.tgz. Extracting by manifest.
1219 silly tarball no local data for string-width@https://registry.npmjs.org/string-width/-/string-width-5.1.2.tgz. Extracting by manifest.
1220 silly tarball no local data for semver@https://registry.npmjs.org/semver/-/semver-6.3.1.tgz. Extracting by manifest.
1221 silly tarball no local data for @babel/helper-annotate-as-pure@https://registry.npmjs.org/@babel/helper-annotate-as-pure/-/helper-annotate-as-pure-7.29.7.tgz. Extracting by manifest.
1222 silly tarball no local data for @babel/helper-annotate-as-pure@https://registry.npmjs.org/@babel/helper-annotate-as-pure/-/helper-annotate-as-pure-7.29.7.tgz. Extracting by manifest.
1223 silly tarball no local data for resolve@https://registry.npmjs.org/resolve/-/resolve-1.22.12.tgz. Extracting by manifest.
1224 silly tarball no local data for @babel/helper-annotate-as-pure@https://registry.npmjs.org/@babel/helper-annotate-as-pure/-/helper-annotate-as-pure-7.29.7.tgz. Extracting by manifest.
1225 silly tarball no local data for semver@https://registry.npmjs.org/semver/-/semver-6.3.1.tgz. Extracting by manifest.
1226 silly tarball no local data for @babel/helper-annotate-as-pure@https://registry.npmjs.org/@babel/helper-annotate-as-pure/-/helper-annotate-as-pure-7.29.7.tgz. Extracting by manifest.
1227 silly tarball no local data for @babel/helper-annotate-as-pure@https://registry.npmjs.org/@babel/helper-annotate-as-pure/-/helper-annotate-as-pure-7.29.7.tgz. Extracting by manifest.
1228 silly tarball no local data for semver@https://registry.npmjs.org/semver/-/semver-6.3.1.tgz. Extracting by manifest.
1229 silly tarball no local data for @babel/core@https://registry.npmjs.org/@babel/core/-/core-7.26.9.tgz. Extracting by manifest.
1230 silly tarball no local data for semver@https://registry.npmjs.org/semver/-/semver-6.3.1.tgz. Extracting by manifest.
1231 silly tarball no local data for @esbuild/win32-x64@https://registry.npmjs.org/@esbuild/win32-x64/-/win32-x64-0.25.12.tgz. Extracting by manifest.
1232 silly tarball no local data for semver@https://registry.npmjs.org/semver/-/semver-6.3.1.tgz. Extracting by manifest.
1233 silly tarball no local data for convert-source-map@https://registry.npmjs.org/convert-source-map/-/convert-source-map-2.0.0.tgz. Extracting by manifest.
1234 silly tarball no local data for rxjs@https://registry.npmjs.org/rxjs/-/rxjs-7.8.1.tgz. Extracting by manifest.
1235 silly tarball no local data for esbuild@https://registry.npmjs.org/esbuild/-/esbuild-0.25.12.tgz. Extracting by manifest.
1236 silly tarball no local data for rxjs@https://registry.npmjs.org/rxjs/-/rxjs-7.8.1.tgz. Extracting by manifest.
1237 silly tarball no local data for vite@https://registry.npmjs.org/vite/-/vite-6.4.2.tgz. Extracting by manifest.
1238 silly tarball no local data for convert-source-map@https://registry.npmjs.org/convert-source-map/-/convert-source-map-2.0.0.tgz. Extracting by manifest.
1239 silly tarball no local data for semver@https://registry.npmjs.org/semver/-/semver-6.3.1.tgz. Extracting by manifest.
1240 silly tarball no local data for rxjs@https://registry.npmjs.org/rxjs/-/rxjs-7.8.1.tgz. Extracting by manifest.
1241 silly tarball no local data for rxjs@https://registry.npmjs.org/rxjs/-/rxjs-7.8.1.tgz. Extracting by manifest.
1242 silly tarball no local data for rxjs@https://registry.npmjs.org/rxjs/-/rxjs-7.8.1.tgz. Extracting by manifest.
1243 http fetch GET 200 https://registry.npmjs.org/webpack-subresource-integrity/-/webpack-subresource-integrity-5.1.0.tgz 1626ms (cache miss)
1244 http fetch GET 200 https://registry.npmjs.org/wrap-ansi/-/wrap-ansi-7.0.0.tgz 1793ms (cache miss)
1245 http fetch GET 200 https://registry.npmjs.org/wrap-ansi/-/wrap-ansi-6.2.0.tgz 1799ms (cache miss)
1246 http fetch GET 200 https://registry.npmjs.org/webpack-sources/-/webpack-sources-3.5.0.tgz 1800ms (cache miss)
1247 http fetch GET 200 https://registry.npmjs.org/y18n/-/y18n-5.0.8.tgz 1822ms (cache miss)
1248 http fetch GET 200 https://registry.npmjs.org/websocket-extensions/-/websocket-extensions-0.1.4.tgz 1872ms (cache miss)
1249 http fetch GET 200 https://registry.npmjs.org/wrappy/-/wrappy-1.0.2.tgz 2024ms (cache miss)
1250 http fetch GET 200 https://registry.npmjs.org/yoctocolors-cjs/-/yoctocolors-cjs-2.1.3.tgz 2042ms (cache miss)
1251 http fetch GET 200 https://registry.npmjs.org/yallist/-/yallist-3.1.1.tgz 2101ms (cache miss)
1252 http fetch GET 200 https://registry.npmjs.org/yocto-queue/-/yocto-queue-1.2.2.tgz 2103ms (cache miss)
1253 http fetch GET 200 https://registry.npmjs.org/which/-/which-1.3.1.tgz 2150ms (cache miss)
1254 http fetch GET 200 https://registry.npmjs.org/yargs-parser/-/yargs-parser-21.1.1.tgz 2363ms (cache miss)
1255 http fetch GET 200 https://registry.npmjs.org/utils-merge/-/utils-merge-1.0.1.tgz 2339ms (cache miss)
1256 http fetch GET 200 https://registry.npmjs.org/validate-npm-package-name/-/validate-npm-package-name-6.0.2.tgz 2354ms (cache miss)
1257 http fetch GET 200 https://registry.npmjs.org/wbuf/-/wbuf-1.7.3.tgz 2362ms (cache miss)
1258 http fetch GET 200 https://registry.npmjs.org/vary/-/vary-1.1.2.tgz 2355ms (cache miss)
1259 http fetch GET 200 https://registry.npmjs.org/unpipe/-/unpipe-1.0.0.tgz 2376ms (cache miss)
1260 http fetch GET 200 https://registry.npmjs.org/universalify/-/universalify-0.1.2.tgz 2389ms (cache miss)
1261 http fetch GET 200 https://registry.npmjs.org/util-deprecate/-/util-deprecate-1.0.2.tgz 2404ms (cache miss)
1262 http fetch GET 200 https://registry.npmjs.org/unique-slug/-/unique-slug-5.0.0.tgz 2400ms (cache miss)
1263 http fetch GET 200 https://registry.npmjs.org/unique-filename/-/unique-filename-4.0.0.tgz 2401ms (cache miss)
1264 http fetch GET 200 https://registry.npmjs.org/unicode-canonical-property-names-ecmascript/-/unicode-canonical-property-names-ecmascript-2.0.1.tgz 2435ms (cache miss)
1265 http fetch GET 200 https://registry.npmjs.org/unicode-match-property-ecmascript/-/unicode-match-property-ecmascript-2.0.0.tgz 2442ms (cache miss)
1266 http fetch GET 200 https://registry.npmjs.org/unicode-property-aliases-ecmascript/-/unicode-property-aliases-ecmascript-2.2.0.tgz 2444ms (cache miss)
1267 http fetch GET 200 https://registry.npmjs.org/type-is/-/type-is-1.6.18.tgz 2439ms (cache miss)
1268 http fetch GET 200 https://registry.npmjs.org/toidentifier/-/toidentifier-1.0.1.tgz 2438ms (cache miss)
1269 http fetch GET 200 https://registry.npmjs.org/validate-npm-package-license/-/validate-npm-package-license-3.0.4.tgz 2466ms (cache miss)
1270 http fetch GET 200 https://registry.npmjs.org/unicode-match-property-value-ecmascript/-/unicode-match-property-value-ecmascript-2.2.1.tgz 2501ms (cache miss)
1271 http fetch GET 200 https://registry.npmjs.org/tree-kill/-/tree-kill-1.2.2.tgz 2529ms (cache miss)
1272 http fetch GET 200 https://registry.npmjs.org/unicorn-magic/-/unicorn-magic-0.3.0.tgz 2549ms (cache miss)
1273 http fetch GET 200 https://registry.npmjs.org/void-elements/-/void-elements-2.0.1.tgz 2600ms (cache miss)
1274 http fetch GET 200 https://registry.npmjs.org/wcwidth/-/wcwidth-1.0.1.tgz 2618ms (cache miss)
1275 http fetch GET 200 https://registry.npmjs.org/update-browserslist-db/-/update-browserslist-db-1.2.3.tgz 2608ms (cache miss)
1276 http fetch GET 200 https://registry.npmjs.org/strip-ansi/-/strip-ansi-7.2.0.tgz 2586ms (cache miss)
1277 http fetch GET 200 https://registry.npmjs.org/string_decoder/-/string_decoder-1.3.0.tgz 2583ms (cache miss)
1278 http fetch GET 200 https://registry.npmjs.org/supports-color/-/supports-color-7.2.0.tgz 2736ms (cache miss)
1279 http fetch GET 200 https://registry.npmjs.org/strip-ansi/-/strip-ansi-6.0.1.tgz 2736ms (cache miss)
1280 http fetch GET 200 https://registry.npmjs.org/string-width/-/string-width-4.2.3.tgz 2751ms (cache miss)
1281 http fetch GET 200 https://registry.npmjs.org/spdx-exceptions/-/spdx-exceptions-2.5.0.tgz 2745ms (cache miss)
1282 http fetch GET 200 https://registry.npmjs.org/websocket-driver/-/websocket-driver-0.7.5.tgz 2813ms (cache miss)
1283 http fetch GET 200 https://registry.npmjs.org/string-width/-/string-width-7.2.0.tgz 2772ms (cache miss)
1284 http fetch GET 200 https://registry.npmjs.org/weak-lru-cache/-/weak-lru-cache-1.2.2.tgz 2849ms (cache miss)
1285 http fetch GET 200 https://registry.npmjs.org/wildcard/-/wildcard-2.0.1.tgz 2869ms (cache miss)
1286 http fetch GET 200 https://registry.npmjs.org/thunky/-/thunky-1.1.0.tgz 2867ms (cache miss)
1287 http fetch GET 200 https://registry.npmjs.org/spdx-license-ids/-/spdx-license-ids-3.0.23.tgz 2854ms (cache miss)
1288 http fetch GET 200 https://registry.npmjs.org/statuses/-/statuses-1.5.0.tgz 2892ms (cache miss)
1289 http fetch GET 200 https://registry.npmjs.org/to-regex-range/-/to-regex-range-5.0.1.tgz 3087ms (cache miss)
1290 http fetch GET 200 https://registry.npmjs.org/spdx-expression-parse/-/spdx-expression-parse-3.0.1.tgz 3071ms (cache miss)
1291 http fetch GET 200 https://registry.npmjs.org/tinyglobby/-/tinyglobby-0.2.17.tgz 3131ms (cache miss)
1292 http fetch GET 200 https://registry.npmjs.org/slash/-/slash-5.1.0.tgz 3146ms (cache miss)
1293 http fetch GET 200 https://registry.npmjs.org/watchpack/-/watchpack-2.4.2.tgz 3268ms (cache miss)
1294 http fetch GET 200 https://registry.npmjs.org/spdx-correct/-/spdx-correct-3.2.0.tgz 3277ms (cache miss)
1295 http fetch GET 200 https://registry.npmjs.org/slice-ansi/-/slice-ansi-5.0.0.tgz 3270ms (cache miss)
1296 http fetch GET 200 https://registry.npmjs.org/shebang-regex/-/shebang-regex-3.0.0.tgz 3267ms (cache miss)
1297 http fetch GET 200 https://registry.npmjs.org/shallow-clone/-/shallow-clone-3.0.1.tgz 3268ms (cache miss)
1298 http fetch GET 200 https://registry.npmjs.org/safer-buffer/-/safer-buffer-2.1.2.tgz 3290ms (cache miss)
1299 http fetch GET 200 https://registry.npmjs.org/tmp/-/tmp-0.2.7.tgz 3351ms (cache miss)
1300 http fetch GET 200 https://registry.npmjs.org/shebang-command/-/shebang-command-2.0.0.tgz 3317ms (cache miss)
1301 http fetch GET 200 https://registry.npmjs.org/run-parallel/-/run-parallel-1.2.0.tgz 3417ms (cache miss)
1302 http fetch GET 200 https://registry.npmjs.org/ssri/-/ssri-12.0.0.tgz 3473ms (cache miss)
1303 http fetch GET 200 https://registry.npmjs.org/setprototypeof/-/setprototypeof-1.2.0.tgz 3445ms (cache miss)
1304 http fetch GET 200 https://registry.npmjs.org/serialize-javascript/-/serialize-javascript-6.0.2.tgz 3540ms (cache miss)
1305 http fetch GET 200 https://registry.npmjs.org/supports-preserve-symlinks-flag/-/supports-preserve-symlinks-flag-1.0.0.tgz 3584ms (cache miss)
1306 http fetch GET 200 https://registry.npmjs.org/run-applescript/-/run-applescript-7.1.0.tgz 3542ms (cache miss)
1307 http fetch GET 200 https://registry.npmjs.org/resolve-from/-/resolve-from-4.0.0.tgz 3540ms (cache miss)
1308 http fetch GET 200 https://registry.npmjs.org/restore-cursor/-/restore-cursor-5.1.0.tgz 3544ms (cache miss)
1309 http fetch GET 200 https://registry.npmjs.org/serve-static/-/serve-static-1.16.3.tgz 3579ms (cache miss)
1310 http fetch GET 200 https://registry.npmjs.org/sax/-/sax-1.6.0.tgz 3576ms (cache miss)
1311 http fetch GET 200 https://registry.npmjs.org/safe-buffer/-/safe-buffer-5.2.1.tgz 3575ms (cache miss)
1312 http fetch GET 200 https://registry.npmjs.org/require-from-string/-/require-from-string-2.0.2.tgz 3570ms (cache miss)
1313 http fetch GET 200 https://registry.npmjs.org/requires-port/-/requires-port-1.0.0.tgz 3571ms (cache miss)
1314 http fetch GET 200 https://registry.npmjs.org/send/-/send-0.19.2.tgz 3674ms (cache miss)
1315 http fetch GET 200 https://registry.npmjs.org/source-map-support/-/source-map-support-0.5.21.tgz 3704ms (cache miss)
1316 http fetch GET 200 https://registry.npmjs.org/ua-parser-js/-/ua-parser-js-0.7.41.tgz 3778ms (cache miss)
1317 http fetch GET 200 https://registry.npmjs.org/socks-proxy-agent/-/socks-proxy-agent-8.0.5.tgz 3817ms (cache miss)
1318 http fetch GET 200 https://registry.npmjs.org/raw-body/-/raw-body-2.5.3.tgz 3771ms (cache miss)
1319 http fetch GET 200 https://registry.npmjs.org/tree-dump/-/tree-dump-1.1.0.tgz 3947ms (cache miss)
1320 http fetch GET 200 https://registry.npmjs.org/rimraf/-/rimraf-3.0.2.tgz 3887ms (cache miss)
1321 http fetch GET 200 https://registry.npmjs.org/regjsgen/-/regjsgen-0.8.0.tgz 3880ms (cache miss)
1322 http fetch GET 200 https://registry.npmjs.org/regenerate/-/regenerate-1.4.2.tgz 3887ms (cache miss)
1323 http fetch GET 200 https://registry.npmjs.org/randombytes/-/randombytes-2.1.0.tgz 3884ms (cache miss)
1324 http fetch GET 200 https://registry.npmjs.org/postcss-modules-local-by-default/-/postcss-modules-local-by-default-4.2.0.tgz 3881ms (cache miss)
1325 http fetch GET 200 https://registry.npmjs.org/source-map-loader/-/source-map-loader-5.0.0.tgz 4086ms (cache miss)
1326 http fetch GET 200 https://registry.npmjs.org/regex-parser/-/regex-parser-2.3.1.tgz 4069ms (cache miss)
1327 http fetch GET 200 https://registry.npmjs.org/regenerator-runtime/-/regenerator-runtime-0.14.1.tgz 4068ms (cache miss)
1328 http fetch GET 200 https://registry.npmjs.org/proxy-addr/-/proxy-addr-2.0.7.tgz 4065ms (cache miss)
1329 http fetch GET 200 https://registry.npmjs.org/symbol-observable/-/symbol-observable-4.0.0.tgz 4199ms (cache miss)
1330 http fetch GET 200 https://registry.npmjs.org/range-parser/-/range-parser-1.2.1.tgz 4130ms (cache miss)
1331 http fetch GET 200 https://registry.npmjs.org/proc-log/-/proc-log-5.0.0.tgz 4124ms (cache miss)
1332 http fetch GET 200 https://registry.npmjs.org/path-to-regexp/-/path-to-regexp-0.1.13.tgz 4105ms (cache miss)
1333 http fetch GET 200 https://registry.npmjs.org/path-type/-/path-type-6.0.0.tgz 4103ms (cache miss)
1334 warn deprecated rimraf@3.0.2: Rimraf versions prior to v4 are no longer supported
1335 http fetch GET 200 https://registry.npmjs.org/queue-microtask/-/queue-microtask-1.2.3.tgz 4189ms (cache miss)
1336 http fetch GET 200 https://registry.npmjs.org/process-nextick-args/-/process-nextick-args-2.0.1.tgz 4190ms (cache miss)
1337 http fetch GET 200 https://registry.npmjs.org/promise-retry/-/promise-retry-2.0.1.tgz 4192ms (cache miss)
1338 http fetch GET 200 https://registry.npmjs.org/path-exists/-/path-exists-5.0.0.tgz 4154ms (cache miss)
1339 http fetch GET 200 https://registry.npmjs.org/punycode/-/punycode-1.4.1.tgz 4229ms (cache miss)
1340 http fetch GET 200 https://registry.npmjs.org/pkg-dir/-/pkg-dir-7.0.0.tgz 4225ms (cache miss)
1341 http fetch GET 200 https://registry.npmjs.org/pify/-/pify-4.0.1.tgz 4221ms (cache miss)
1342 http fetch GET 200 https://registry.npmjs.org/parse-node-version/-/parse-node-version-1.0.1.tgz 4194ms (cache miss)
1343 http fetch GET 200 https://registry.npmjs.org/sass-loader/-/sass-loader-16.0.5.tgz 4290ms (cache miss)
1344 http fetch GET 200 https://registry.npmjs.org/postcss-modules-scope/-/postcss-modules-scope-3.2.1.tgz 4262ms (cache miss)
1345 http fetch GET 200 https://registry.npmjs.org/postcss-modules-extract-imports/-/postcss-modules-extract-imports-3.1.0.tgz 4261ms (cache miss)
1346 http fetch GET 200 https://registry.npmjs.org/postcss-modules-values/-/postcss-modules-values-4.0.0.tgz 4259ms (cache miss)
1347 http fetch GET 200 https://registry.npmjs.org/path-key/-/path-key-3.1.1.tgz 4232ms (cache miss)
1348 http fetch GET 200 https://registry.npmjs.org/p-locate/-/p-locate-6.0.0.tgz 4220ms (cache miss)
1349 http fetch GET 200 https://registry.npmjs.org/sigstore/-/sigstore-3.1.0.tgz 4352ms (cache miss)
1350 http fetch GET 200 https://registry.npmjs.org/picocolors/-/picocolors-1.1.1.tgz 4300ms (cache miss)
1351 http fetch GET 200 https://registry.npmjs.org/parse-json/-/parse-json-5.2.0.tgz 4272ms (cache miss)
1352 http fetch GET 200 https://registry.npmjs.org/p-map/-/p-map-7.0.4.tgz 4276ms (cache miss)
1353 http fetch GET 200 https://registry.npmjs.org/require-directory/-/require-directory-2.1.1.tgz 4411ms (cache miss)
1354 http fetch GET 200 https://registry.npmjs.org/path-is-absolute/-/path-is-absolute-1.0.1.tgz 4358ms (cache miss)
1355 http fetch GET 200 https://registry.npmjs.org/path-parse/-/path-parse-1.0.7.tgz 4366ms (cache miss)
1356 http fetch GET 200 https://registry.npmjs.org/p-limit/-/p-limit-4.0.0.tgz 4349ms (cache miss)
1357 http fetch GET 200 https://registry.npmjs.org/parent-module/-/parent-module-1.0.1.tgz 4416ms (cache miss)
1358 http fetch GET 200 https://registry.npmjs.org/parseurl/-/parseurl-1.3.3.tgz 4422ms (cache miss)
1359 http fetch GET 200 https://registry.npmjs.org/package-json-from-dist/-/package-json-from-dist-1.0.1.tgz 4414ms (cache miss)
1360 http fetch GET 200 https://registry.npmjs.org/open/-/open-10.1.0.tgz 4410ms (cache miss)
1361 http fetch GET 200 https://registry.npmjs.org/npm-pick-manifest/-/npm-pick-manifest-10.0.0.tgz 4405ms (cache miss)
1362 http fetch GET 200 https://registry.npmjs.org/ora/-/ora-5.4.1.tgz 4447ms (cache miss)
1363 http fetch GET 200 https://registry.npmjs.org/obuf/-/obuf-1.1.2.tgz 4442ms (cache miss)
1364 http fetch GET 200 https://registry.npmjs.org/object-assign/-/object-assign-4.1.1.tgz 4441ms (cache miss)
1365 http fetch GET 200 https://registry.npmjs.org/on-headers/-/on-headers-1.1.0.tgz 4444ms (cache miss)
1366 http fetch GET 200 https://registry.npmjs.org/p-retry/-/p-retry-6.2.1.tgz 4505ms (cache miss)
1367 http fetch GET 200 https://registry.npmjs.org/node-gyp-build-optional-packages/-/node-gyp-build-optional-packages-5.2.2.tgz 4485ms (cache miss)
1368 http fetch GET 200 https://registry.npmjs.org/normalize-path/-/normalize-path-3.0.0.tgz 4487ms (cache miss)
1369 http fetch GET 200 https://registry.npmjs.org/select-hose/-/select-hose-2.0.0.tgz 4598ms (cache miss)
1370 http fetch GET 200 https://registry.npmjs.org/socket.io-adapter/-/socket.io-adapter-2.5.7.tgz 4621ms (cache miss)
1371 http fetch GET 200 https://registry.npmjs.org/streamroller/-/streamroller-3.1.5.tgz 4643ms (cache miss)
1372 http fetch GET 200 https://registry.npmjs.org/regjsparser/-/regjsparser-0.13.2.tgz 4589ms (cache miss)
1373 http fetch GET 200 https://registry.npmjs.org/onetime/-/onetime-7.0.0.tgz 4521ms (cache miss)
1374 http fetch GET 200 https://registry.npmjs.org/once/-/once-1.4.0.tgz 4521ms (cache miss)
1375 http fetch GET 200 https://registry.npmjs.org/webpack-merge/-/webpack-merge-6.0.1.tgz 4721ms (cache miss)
1376 http fetch GET 200 https://registry.npmjs.org/webpack-dev-server/-/webpack-dev-server-5.2.2.tgz 4720ms (cache miss)
1377 http fetch GET 200 https://registry.npmjs.org/on-finished/-/on-finished-2.4.1.tgz 4545ms (cache miss)
1378 http fetch GET 200 https://registry.npmjs.org/npm-packlist/-/npm-packlist-9.0.0.tgz 4540ms (cache miss)
1379 http fetch GET 200 https://registry.npmjs.org/npm-package-arg/-/npm-package-arg-12.0.2.tgz 4542ms (cache miss)
1380 http fetch GET 200 https://registry.npmjs.org/normalize-range/-/normalize-range-0.1.2.tgz 4539ms (cache miss)
1381 http fetch GET 200 https://registry.npmjs.org/npm-normalize-package-bin/-/npm-normalize-package-bin-4.0.0.tgz 4541ms (cache miss)
1382 http fetch GET 200 https://registry.npmjs.org/node-releases/-/node-releases-2.0.47.tgz 4535ms (cache miss)
1383 http fetch GET 200 https://registry.npmjs.org/readdirp/-/readdirp-4.1.2.tgz 4664ms (cache miss)
1384 http fetch GET 200 https://registry.npmjs.org/npm-install-checks/-/npm-install-checks-7.1.2.tgz 4593ms (cache miss)
1385 http fetch GET 200 https://registry.npmjs.org/mrmime/-/mrmime-2.0.1.tgz 4584ms (cache miss)
1386 http fetch GET 200 https://registry.npmjs.org/minipass-flush/-/minipass-flush-1.0.7.tgz 4583ms (cache miss)
1387 http fetch GET 200 https://registry.npmjs.org/terser-webpack-plugin/-/terser-webpack-plugin-5.6.1.tgz 4777ms (cache miss)
1388 http fetch GET 200 https://registry.npmjs.org/npm-bundled/-/npm-bundled-4.0.0.tgz 4639ms (cache miss)
1389 http fetch GET 200 https://registry.npmjs.org/nopt/-/nopt-8.1.0.tgz 4637ms (cache miss)
1390 http fetch GET 200 https://registry.npmjs.org/postcss-media-query-parser/-/postcss-media-query-parser-0.2.3.tgz 4744ms (cache miss)
1391 http fetch GET 200 https://registry.npmjs.org/prr/-/prr-1.0.1.tgz 4751ms (cache miss)
1392 http fetch GET 200 https://registry.npmjs.org/negotiator/-/negotiator-1.0.0.tgz 4673ms (cache miss)
1393 http fetch GET 200 https://registry.npmjs.org/msgpackr-extract/-/msgpackr-extract-3.0.4.tgz 4669ms (cache miss)
1394 http fetch GET 200 https://registry.npmjs.org/mkdirp/-/mkdirp-0.5.6.tgz 4667ms (cache miss)
1395 http fetch GET 200 https://registry.npmjs.org/minimatch/-/minimatch-3.1.5.tgz 4659ms (cache miss)
1396 http fetch GET 200 https://registry.npmjs.org/mime-types/-/mime-types-2.1.35.tgz 4672ms (cache miss)
1397 http fetch GET 200 https://registry.npmjs.org/selfsigned/-/selfsigned-2.4.1.tgz 4811ms (cache miss)
1398 http fetch GET 200 https://registry.npmjs.org/rfdc/-/rfdc-1.4.1.tgz 4804ms (cache miss)
1399 http fetch GET 200 https://registry.npmjs.org/parse5-html-rewriting-stream/-/parse5-html-rewriting-stream-7.0.0.tgz 4743ms (cache miss)
1400 http fetch GET 200 https://registry.npmjs.org/mute-stream/-/mute-stream-2.0.0.tgz 4709ms (cache miss)
1401 http fetch GET 200 https://registry.npmjs.org/spdy/-/spdy-4.0.2.tgz 4893ms (cache miss)
1402 http fetch GET 200 https://registry.npmjs.org/ms/-/ms-2.1.3.tgz 4755ms (cache miss)
1403 http fetch GET 200 https://registry.npmjs.org/mimic-fn/-/mimic-fn-2.1.0.tgz 4775ms (cache miss)
1404 http fetch GET 200 https://registry.npmjs.org/methods/-/methods-1.1.2.tgz 4766ms (cache miss)
1405 http fetch GET 200 https://registry.npmjs.org/side-channel-weakmap/-/side-channel-weakmap-1.0.2.tgz 4930ms (cache miss)
1406 http fetch GET 200 https://registry.npmjs.org/minipass-collect/-/minipass-collect-2.0.1.tgz 4822ms (cache miss)
1407 http fetch GET 200 https://registry.npmjs.org/minipass-pipeline/-/minipass-pipeline-1.2.4.tgz 4824ms (cache miss)
1408 http fetch GET 200 https://registry.npmjs.org/mimic-function/-/mimic-function-5.0.1.tgz 4813ms (cache miss)
1409 http fetch GET 200 https://registry.npmjs.org/merge2/-/merge2-1.4.1.tgz 4807ms (cache miss)
1410 http fetch GET 200 https://registry.npmjs.org/minimalistic-assert/-/minimalistic-assert-1.0.1.tgz 4862ms (cache miss)
1411 http fetch GET 200 https://registry.npmjs.org/safe-regex-test/-/safe-regex-test-1.1.0.tgz 4987ms (cache miss)
1412 http fetch GET 200 https://registry.npmjs.org/side-channel-map/-/side-channel-map-1.0.1.tgz 5011ms (cache miss)
1413 http fetch GET 200 https://registry.npmjs.org/merge-stream/-/merge-stream-2.0.0.tgz 4907ms (cache miss)
1414 http fetch GET 200 https://registry.npmjs.org/micromatch/-/micromatch-4.0.8.tgz 4914ms (cache miss)
1415 http fetch GET 200 https://registry.npmjs.org/loader-runner/-/loader-runner-4.3.2.tgz 4896ms (cache miss)
1416 http fetch GET 200 https://registry.npmjs.org/log-update/-/log-update-6.1.0.tgz 4900ms (cache miss)
1417 http fetch GET 200 https://registry.npmjs.org/lines-and-columns/-/lines-and-columns-1.2.4.tgz 4896ms (cache miss)
1418 http fetch GET 200 https://registry.npmjs.org/lru-cache/-/lru-cache-5.1.1.tgz 4903ms (cache miss)
1419 http fetch GET 200 https://registry.npmjs.org/side-channel-list/-/side-channel-list-1.0.1.tgz 5073ms (cache miss)
1420 http fetch GET 200 https://registry.npmjs.org/side-channel/-/side-channel-1.1.1.tgz 5071ms (cache miss)
1421 http fetch GET 200 https://registry.npmjs.org/tslib/-/tslib-2.8.1.tgz 5121ms (cache miss)
1422 http fetch GET 200 https://registry.npmjs.org/postcss-loader/-/postcss-loader-8.1.1.tgz 5028ms (cache miss)
1423 http fetch GET 200 https://registry.npmjs.org/kind-of/-/kind-of-6.0.3.tgz 4909ms (cache miss)
1424 http fetch GET 200 https://registry.npmjs.org/less-loader/-/less-loader-12.2.0.tgz 4912ms (cache miss)
1425 http fetch GET 200 https://registry.npmjs.org/merge-descriptors/-/merge-descriptors-1.0.3.tgz 4969ms (cache miss)
1426 http fetch GET 200 https://registry.npmjs.org/make-dir/-/make-dir-4.0.0.tgz 4970ms (cache miss)
1427 http fetch GET 200 https://registry.npmjs.org/media-typer/-/media-typer-0.3.0.tgz 4973ms (cache miss)
1428 http fetch GET 200 https://registry.npmjs.org/karma-source-map-support/-/karma-source-map-support-1.4.0.tgz 4998ms (cache miss)
1429 http fetch GET 200 https://registry.npmjs.org/log-symbols/-/log-symbols-4.1.0.tgz 5012ms (cache miss)
1430 http fetch GET 200 https://registry.npmjs.org/postcss-value-parser/-/postcss-value-parser-4.2.0.tgz 5171ms (cache miss)
1431 http fetch GET 200 https://registry.npmjs.org/lodash.debounce/-/lodash.debounce-4.0.8.tgz 5078ms (cache miss)
1432 http fetch GET 200 https://registry.npmjs.org/locate-path/-/locate-path-7.2.0.tgz 5091ms (cache miss)
1433 http fetch GET 200 https://registry.npmjs.org/tuf-js/-/tuf-js-3.1.0.tgz 5310ms (cache miss)
1434 http fetch GET 200 https://registry.npmjs.org/parse5-sax-parser/-/parse5-sax-parser-7.0.0.tgz 5182ms (cache miss)
1435 http fetch GET 200 https://registry.npmjs.org/jsonfile/-/jsonfile-4.0.0.tgz 5115ms (cache miss)
1436 http fetch GET 200 https://registry.npmjs.org/jsonparse/-/jsonparse-1.3.1.tgz 5126ms (cache miss)
1437 http fetch GET 200 https://registry.npmjs.org/json-parse-even-better-errors/-/json-parse-even-better-errors-4.0.0.tgz 5125ms (cache miss)
1438 http fetch GET 200 https://registry.npmjs.org/karma-jasmine-html-reporter/-/karma-jasmine-html-reporter-2.1.0.tgz 5123ms (cache miss)
1439 http fetch GET 200 https://registry.npmjs.org/json-schema-traverse/-/json-schema-traverse-1.0.0.tgz 5165ms (cache miss)
1440 http fetch GET 200 https://registry.npmjs.org/isexe/-/isexe-2.0.0.tgz 5146ms (cache miss)
1441 http fetch GET 200 https://registry.npmjs.org/istanbul-lib-report/-/istanbul-lib-report-3.0.1.tgz 5149ms (cache miss)
1442 http fetch GET 200 https://registry.npmjs.org/js-tokens/-/js-tokens-4.0.0.tgz 5199ms (cache miss)
1443 http fetch GET 200 https://registry.npmjs.org/isarray/-/isarray-1.0.0.tgz 5186ms (cache miss)
1444 http fetch GET 200 https://registry.npmjs.org/isobject/-/isobject-3.0.1.tgz 5227ms (cache miss)
1445 http fetch GET 200 https://registry.npmjs.org/istanbul-lib-coverage/-/istanbul-lib-coverage-3.2.2.tgz 5231ms (cache miss)
1446 http fetch GET 200 https://registry.npmjs.org/is-wsl/-/is-wsl-3.1.1.tgz 5226ms (cache miss)
1447 http fetch GET 200 https://registry.npmjs.org/is-plain-object/-/is-plain-object-5.0.0.tgz 5223ms (cache miss)
1448 http fetch GET 200 https://registry.npmjs.org/smart-buffer/-/smart-buffer-4.2.0.tgz 5477ms (cache miss)
1449 http fetch GET 200 https://registry.npmjs.org/npm-registry-fetch/-/npm-registry-fetch-18.0.2.tgz 5371ms (cache miss)
1450 http fetch GET 200 https://registry.npmjs.org/is-what/-/is-what-3.14.1.tgz 5268ms (cache miss)
1451 http fetch GET 200 https://registry.npmjs.org/is-glob/-/is-glob-4.0.3.tgz 5258ms (cache miss)
1452 http fetch GET 200 https://registry.npmjs.org/regexpu-core/-/regexpu-core-6.4.0.tgz 5480ms (cache miss)
1453 http fetch GET 200 https://registry.npmjs.org/istanbul-lib-source-maps/-/istanbul-lib-source-maps-4.0.1.tgz 5317ms (cache miss)
1454 http fetch GET 200 https://registry.npmjs.org/isbinaryfile/-/isbinaryfile-4.0.10.tgz 5311ms (cache miss)
1455 http fetch GET 200 https://registry.npmjs.org/is-unicode-supported/-/is-unicode-supported-0.1.0.tgz 5307ms (cache miss)
1456 http fetch GET 200 https://registry.npmjs.org/is-network-error/-/is-network-error-1.3.2.tgz 5304ms (cache miss)
1457 http fetch GET 200 https://registry.npmjs.org/is-plain-obj/-/is-plain-obj-3.0.0.tgz 5307ms (cache miss)
1458 http fetch GET 200 https://registry.npmjs.org/is-number/-/is-number-7.0.0.tgz 5307ms (cache miss)
1459 http fetch GET 200 https://registry.npmjs.org/is-binary-path/-/is-binary-path-2.1.0.tgz 5294ms (cache miss)
1460 http fetch GET 200 https://registry.npmjs.org/ws/-/ws-8.20.1.tgz 5643ms (cache miss)
1461 http fetch GET 200 https://registry.npmjs.org/picomatch/-/picomatch-4.0.4.tgz 5497ms (cache miss)
1462 http fetch GET 200 https://registry.npmjs.org/qjobs/-/qjobs-1.2.0.tgz 5515ms (cache miss)
1463 http fetch GET 200 https://registry.npmjs.org/multicast-dns/-/multicast-dns-7.2.5.tgz 5432ms (cache miss)
1464 http fetch GET 200 https://registry.npmjs.org/is-inside-container/-/is-inside-container-1.0.0.tgz 5336ms (cache miss)
1465 http fetch GET 200 https://registry.npmjs.org/is-fullwidth-code-point/-/is-fullwidth-code-point-4.0.0.tgz 5335ms (cache miss)
1466 http fetch GET 200 https://registry.npmjs.org/imurmurhash/-/imurmurhash-0.1.4.tgz 5325ms (cache miss)
1467 http fetch GET 200 https://registry.npmjs.org/inherits/-/inherits-2.0.4.tgz 5328ms (cache miss)
1468 http fetch GET 200 https://registry.npmjs.org/is-arrayish/-/is-arrayish-0.2.1.tgz 5331ms (cache miss)
1469 http fetch GET 200 https://registry.npmjs.org/is-interactive/-/is-interactive-1.0.0.tgz 5383ms (cache miss)
1470 http fetch GET 200 https://registry.npmjs.org/is-extglob/-/is-extglob-2.1.1.tgz 5381ms (cache miss)
1471 http fetch GET 200 https://registry.npmjs.org/image-size/-/image-size-0.5.5.tgz 5368ms (cache miss)
1472 http fetch GET 200 https://registry.npmjs.org/import-fresh/-/import-fresh-3.3.1.tgz 5371ms (cache miss)
1473 http fetch GET 200 https://registry.npmjs.org/minipass-sized/-/minipass-sized-1.0.3.tgz 5501ms (cache miss)
1474 http fetch GET 200 https://registry.npmjs.org/karma-jasmine/-/karma-jasmine-5.1.0.tgz 5451ms (cache miss)
1475 http fetch GET 200 https://registry.npmjs.org/inflight/-/inflight-1.0.6.tgz 5404ms (cache miss)
1476 warn deprecated inflight@1.0.6: This module is not supported, and leaks memory. Do not use it. Check out lru-cache if you want a good and tested way to coalesce async requests by a key value, which is much more comprehensive and powerful.
1477 http fetch GET 200 https://registry.npmjs.org/ini/-/ini-5.0.0.tgz 5407ms (cache miss)
1478 http fetch GET 200 https://registry.npmjs.org/ieee754/-/ieee754-1.2.1.tgz 5399ms (cache miss)
1479 http fetch GET 200 https://registry.npmjs.org/jsesc/-/jsesc-3.1.0.tgz 5481ms (cache miss)
1480 http fetch GET 200 https://registry.npmjs.org/is-core-module/-/is-core-module-2.16.2.tgz 5443ms (cache miss)
1481 http fetch GET 200 https://registry.npmjs.org/http-proxy-agent/-/http-proxy-agent-7.0.2.tgz 5425ms (cache miss)
1482 http fetch GET 200 https://registry.npmjs.org/is-docker/-/is-docker-3.0.0.tgz 5493ms (cache miss)
1483 http fetch GET 200 https://registry.npmjs.org/ignore-walk/-/ignore-walk-7.0.0.tgz 5477ms (cache miss)
1484 http fetch GET 200 https://registry.npmjs.org/http-cache-semantics/-/http-cache-semantics-4.2.0.tgz 5470ms (cache miss)
1485 http fetch GET 200 https://registry.npmjs.org/html-escaper/-/html-escaper-2.0.2.tgz 5466ms (cache miss)
1486 http fetch GET 200 https://registry.npmjs.org/has-tostringtag/-/has-tostringtag-1.0.2.tgz 5460ms (cache miss)
1487 http fetch GET 200 https://registry.npmjs.org/reusify/-/reusify-1.1.0.tgz 5727ms (cache miss)
1488 http fetch GET 200 https://registry.npmjs.org/https-proxy-agent/-/https-proxy-agent-7.0.6.tgz 5507ms (cache miss)
1489 http fetch GET 200 https://registry.npmjs.org/http-parser-js/-/http-parser-js-0.5.10.tgz 5506ms (cache miss)
1490 http fetch GET 200 https://registry.npmjs.org/has-flag/-/has-flag-4.0.0.tgz 5489ms (cache miss)
1491 http fetch GET 200 https://registry.npmjs.org/icss-utils/-/icss-utils-5.1.0.tgz 5538ms (cache miss)
1492 http fetch GET 200 https://registry.npmjs.org/http-errors/-/http-errors-2.0.1.tgz 5527ms (cache miss)
1493 http fetch GET 200 https://registry.npmjs.org/hasown/-/hasown-2.0.4.tgz 5524ms (cache miss)
1494 http fetch GET 200 https://registry.npmjs.org/hosted-git-info/-/hosted-git-info-8.1.0.tgz 5526ms (cache miss)
1495 http fetch GET 200 https://registry.npmjs.org/handle-thing/-/handle-thing-2.0.1.tgz 5516ms (cache miss)
1496 http fetch GET 200 https://registry.npmjs.org/globby/-/globby-14.1.0.tgz 5514ms (cache miss)
1497 http fetch GET 200 https://registry.npmjs.org/mime-db/-/mime-db-1.52.0.tgz 5704ms (cache miss)
1498 http fetch GET 200 https://registry.npmjs.org/shell-quote/-/shell-quote-1.8.4.tgz 5875ms (cache miss)
1499 http fetch GET 200 https://registry.npmjs.org/reflect-metadata/-/reflect-metadata-0.2.2.tgz 5851ms (cache miss)
1500 http fetch GET 200 https://registry.npmjs.org/glob-to-regex.js/-/glob-to-regex.js-1.2.0.tgz 5616ms (cache miss)
1501 http fetch GET 200 https://registry.npmjs.org/graceful-fs/-/graceful-fs-4.2.11.tgz 5619ms (cache miss)
1502 http fetch GET 200 https://registry.npmjs.org/gopd/-/gopd-1.2.0.tgz 5745ms (cache miss)
1503 http fetch GET 200 https://registry.npmjs.org/get-caller-file/-/get-caller-file-2.0.5.tgz 5737ms (cache miss)
1504 http fetch GET 200 https://registry.npmjs.org/get-east-asian-width/-/get-east-asian-width-1.6.0.tgz 5737ms (cache miss)
1505 http fetch GET 200 https://registry.npmjs.org/gensync/-/gensync-1.0.0-beta.2.tgz 5738ms (cache miss)
1506 http fetch GET 200 https://registry.npmjs.org/sockjs/-/sockjs-0.3.24.tgz 6084ms (cache miss)
1507 http fetch GET 200 https://registry.npmjs.org/glob-to-regexp/-/glob-to-regexp-0.4.1.tgz 5808ms (cache miss)
1508 http fetch GET 200 https://registry.npmjs.org/get-proto/-/get-proto-1.0.1.tgz 5807ms (cache miss)
1509 http fetch GET 200 https://registry.npmjs.org/fresh/-/fresh-0.5.2.tgz 5803ms (cache miss)
1510 http fetch GET 200 https://registry.npmjs.org/fs-minipass/-/fs-minipass-3.0.3.tgz 5806ms (cache miss)
1511 http fetch GET 200 https://registry.npmjs.org/http-deceiver/-/http-deceiver-1.2.7.tgz 5869ms (cache miss)
1512 http fetch GET 200 https://registry.npmjs.org/flat/-/flat-5.0.2.tgz 5832ms (cache miss)
1513 http fetch GET 200 https://registry.npmjs.org/flatted/-/flatted-3.4.2.tgz 5831ms (cache miss)
1514 http fetch GET 200 https://registry.npmjs.org/ignore/-/ignore-7.0.5.tgz 5924ms (cache miss)
1515 http fetch GET 200 https://registry.npmjs.org/glob-parent/-/glob-parent-6.0.2.tgz 5892ms (cache miss)
1516 http fetch GET 200 https://registry.npmjs.org/glob/-/glob-7.2.3.tgz 5895ms (cache miss)
1517 http fetch GET 200 https://registry.npmjs.org/fs.realpath/-/fs.realpath-1.0.0.tgz 5887ms (cache miss)
1518 http fetch GET 200 https://registry.npmjs.org/forwarded/-/forwarded-0.2.0.tgz 5884ms (cache miss)
1519 http fetch GET 200 https://registry.npmjs.org/foreground-child/-/foreground-child-3.3.1.tgz 5884ms (cache miss)
1520 http fetch GET 200 https://registry.npmjs.org/find-cache-dir/-/find-cache-dir-4.0.0.tgz 5931ms (cache miss)
1521 http fetch GET 200 https://registry.npmjs.org/find-up/-/find-up-6.3.0.tgz 5937ms (cache miss)
1522 http fetch GET 200 https://registry.npmjs.org/mime/-/mime-2.6.0.tgz 6107ms (cache miss)
1523 http fetch GET 200 https://registry.npmjs.org/ipaddr.js/-/ipaddr.js-2.4.0.tgz 6036ms (cache miss)
1524 http fetch GET 200 https://registry.npmjs.org/fill-range/-/fill-range-7.1.1.tgz 5976ms (cache miss)
1525 http fetch GET 200 https://registry.npmjs.org/finalhandler/-/finalhandler-1.1.2.tgz 5978ms (cache miss)
1526 http fetch GET 200 https://registry.npmjs.org/exponential-backoff/-/exponential-backoff-3.1.3.tgz 5972ms (cache miss)
1527 http fetch GET 200 https://registry.npmjs.org/eventemitter3/-/eventemitter3-4.0.7.tgz 5971ms (cache miss)
1528 http fetch GET 200 https://registry.npmjs.org/etag/-/etag-1.8.1.tgz 5971ms (cache miss)
1529 http fetch GET 200 https://registry.npmjs.org/fast-deep-equal/-/fast-deep-equal-3.1.3.tgz 6003ms (cache miss)
1530 http fetch GET 200 https://registry.npmjs.org/esrecurse/-/esrecurse-4.3.0.tgz 6000ms (cache miss)
1531 http fetch GET 200 https://registry.npmjs.org/minipass-fetch/-/minipass-fetch-4.0.1.tgz 6250ms (cache miss)
1532 http fetch GET 200 https://registry.npmjs.org/extend/-/extend-3.0.2.tgz 6113ms (cache miss)
1533 http fetch GET 200 https://registry.npmjs.org/escape-html/-/escape-html-1.0.3.tgz 6107ms (cache miss)
1534 http fetch GET 200 https://registry.npmjs.org/es-errors/-/es-errors-1.3.0.tgz 6104ms (cache miss)
1535 http fetch GET 200 https://registry.npmjs.org/fdir/-/fdir-6.5.0.tgz 6219ms (cache miss)
1536 http fetch GET 200 https://registry.npmjs.org/es-define-property/-/es-define-property-1.0.1.tgz 6206ms (cache miss)
1537 http fetch GET 200 https://registry.npmjs.org/errno/-/errno-0.1.8.tgz 6206ms (cache miss)
1538 http fetch GET 200 https://registry.npmjs.org/error-ex/-/error-ex-1.3.4.tgz 6207ms (cache miss)
1539 http fetch GET 200 https://registry.npmjs.org/retry/-/retry-0.12.0.tgz 6543ms (cache miss)
1540 http fetch GET 200 https://registry.npmjs.org/escalade/-/escalade-3.2.0.tgz 6263ms (cache miss)
1541 http fetch GET 200 https://registry.npmjs.org/environment/-/environment-1.1.0.tgz 6250ms (cache miss)
1542 http fetch GET 200 https://registry.npmjs.org/estraverse/-/estraverse-4.3.0.tgz 6311ms (cache miss)
1543 http fetch GET 200 https://registry.npmjs.org/env-paths/-/env-paths-2.2.1.tgz 6351ms (cache miss)
1544 http fetch GET 200 https://registry.npmjs.org/emoji-regex/-/emoji-regex-10.6.0.tgz 6363ms (cache miss)
1545 http fetch GET 200 https://registry.npmjs.org/ee-first/-/ee-first-1.1.1.tgz 6362ms (cache miss)
1546 http fetch GET 200 https://registry.npmjs.org/eastasianwidth/-/eastasianwidth-0.2.0.tgz 6361ms (cache miss)
1547 warn deprecated glob@7.2.3: Old versions of glob are not supported, and contain widely publicized security vulnerabilities, which have been fixed in the current version. Please update. Support for old versions may be purchased (at exorbitant rates) by contacting i@izs.me
1548 http fetch GET 200 https://registry.npmjs.org/encodeurl/-/encodeurl-1.0.2.tgz 6379ms (cache miss)
1549 http fetch GET 200 https://registry.npmjs.org/engine.io-parser/-/engine.io-parser-5.2.3.tgz 6385ms (cache miss)
1550 http fetch GET 200 https://registry.npmjs.org/encoding/-/encoding-0.1.13.tgz 6381ms (cache miss)
1551 http fetch GET 200 https://registry.npmjs.org/tapable/-/tapable-2.3.3.tgz 6784ms (cache miss)
1552 http fetch GET 200 https://registry.npmjs.org/dom-serialize/-/dom-serialize-2.2.1.tgz 6416ms (cache miss)
1553 http fetch GET 200 https://registry.npmjs.org/dns-packet/-/dns-packet-5.6.1.tgz 6415ms (cache miss)
1554 http fetch GET 200 https://registry.npmjs.org/domelementtype/-/domelementtype-2.3.0.tgz 6419ms (cache miss)
1555 http fetch GET 200 https://registry.npmjs.org/emojis-list/-/emojis-list-3.0.0.tgz 6449ms (cache miss)
1556 http fetch GET 200 https://registry.npmjs.org/dunder-proto/-/dunder-proto-1.0.1.tgz 6446ms (cache miss)
1557 http fetch GET 200 https://registry.npmjs.org/launch-editor/-/launch-editor-2.14.1.tgz 6617ms (cache miss)
1558 http fetch GET 200 https://registry.npmjs.org/di/-/di-0.0.1.tgz 6455ms (cache miss)
1559 http fetch GET 200 https://registry.npmjs.org/depd/-/depd-2.0.0.tgz 6451ms (cache miss)
1560 http fetch GET 200 https://registry.npmjs.org/typed-assert/-/typed-assert-1.0.9.tgz 6878ms (cache miss)
1561 http fetch GET 200 https://registry.npmjs.org/default-browser/-/default-browser-5.5.0.tgz 6484ms (cache miss)
1562 http fetch GET 200 https://registry.npmjs.org/default-browser-id/-/default-browser-id-5.0.1.tgz 6484ms (cache miss)
1563 http fetch GET 200 https://registry.npmjs.org/defaults/-/defaults-1.0.4.tgz 6488ms (cache miss)
1564 http fetch GET 200 https://registry.npmjs.org/karma-chrome-launcher/-/karma-chrome-launcher-3.2.0.tgz 6758ms (cache miss)
1565 http fetch GET 200 https://registry.npmjs.org/source-map-js/-/source-map-js-1.2.1.tgz 6953ms (cache miss)
1566 http fetch GET 200 https://registry.npmjs.org/istanbul-lib-instrument/-/istanbul-lib-instrument-6.0.3.tgz 6739ms (cache miss)
1567 http fetch GET 200 https://registry.npmjs.org/follow-redirects/-/follow-redirects-1.16.0.tgz 6657ms (cache miss)
1568 http fetch GET 200 https://registry.npmjs.org/detect-node/-/detect-node-2.1.0.tgz 6609ms (cache miss)
1569 http fetch GET 200 https://registry.npmjs.org/custom-event/-/custom-event-1.0.1.tgz 6597ms (cache miss)
1570 http fetch GET 200 https://registry.npmjs.org/detect-libc/-/detect-libc-2.1.2.tgz 6609ms (cache miss)
1571 http fetch GET 200 https://registry.npmjs.org/cross-spawn/-/cross-spawn-7.0.6.tgz 6596ms (cache miss)
1572 http fetch GET 200 https://registry.npmjs.org/destroy/-/destroy-1.2.0.tgz 6609ms (cache miss)
1573 http fetch GET 200 https://registry.npmjs.org/css-what/-/css-what-6.2.2.tgz 6599ms (cache miss)
1574 http fetch GET 200 https://registry.npmjs.org/define-lazy-prop/-/define-lazy-prop-3.0.0.tgz 6681ms (cache miss)
1575 http fetch GET 200 https://registry.npmjs.org/date-format/-/date-format-4.0.14.tgz 6674ms (cache miss)
1576 http fetch GET 200 https://registry.npmjs.org/is-regex/-/is-regex-1.2.1.tgz 6873ms (cache miss)
1577 http fetch GET 200 https://registry.npmjs.org/cors/-/cors-2.8.6.tgz 6727ms (cache miss)
1578 http fetch GET 200 https://registry.npmjs.org/debug/-/debug-4.4.3.tgz 6735ms (cache miss)
1579 http fetch GET 200 https://registry.npmjs.org/err-code/-/err-code-2.0.3.tgz 6773ms (cache miss)
1580 http fetch GET 200 https://registry.npmjs.org/listr2/-/listr2-8.2.5.tgz 6970ms (cache miss)
1581 http fetch GET 200 https://registry.npmjs.org/core-util-is/-/core-util-is-1.0.3.tgz 6824ms (cache miss)
1582 http fetch GET 200 https://registry.npmjs.org/make-fetch-happen/-/make-fetch-happen-14.0.3.tgz 7063ms (cache miss)
1583 http fetch GET 200 https://registry.npmjs.org/esutils/-/esutils-2.0.3.tgz 6935ms (cache miss)
1584 http fetch GET 200 https://registry.npmjs.org/cookie-signature/-/cookie-signature-1.0.7.tgz 6879ms (cache miss)
1585 http fetch GET 200 https://registry.npmjs.org/convert-source-map/-/convert-source-map-1.9.0.tgz 6880ms (cache miss)
1586 http fetch GET 200 https://registry.npmjs.org/connect-history-api-fallback/-/connect-history-api-fallback-2.0.0.tgz 6878ms (cache miss)
1587 http fetch GET 200 https://registry.npmjs.org/common-path-prefix/-/common-path-prefix-3.0.0.tgz 6892ms (cache miss)
1588 http fetch GET 200 https://registry.npmjs.org/loader-utils/-/loader-utils-3.3.1.tgz 7111ms (cache miss)
1589 http fetch GET 200 https://registry.npmjs.org/fraction.js/-/fraction.js-4.3.7.tgz 6996ms (cache miss)
1590 http fetch GET 200 https://registry.npmjs.org/colorette/-/colorette-2.0.20.tgz 6905ms (cache miss)
1591 http fetch GET 200 https://registry.npmjs.org/color-name/-/color-name-1.1.4.tgz 6927ms (cache miss)
1592 http fetch GET 200 https://registry.npmjs.org/connect/-/connect-3.7.0.tgz 6984ms (cache miss)
1593 http fetch GET 200 https://registry.npmjs.org/compressible/-/compressible-2.0.18.tgz 6994ms (cache miss)
1594 http fetch GET 200 https://registry.npmjs.org/cli-truncate/-/cli-truncate-4.0.0.tgz 6978ms (cache miss)
1595 http fetch GET 200 https://registry.npmjs.org/cli-spinners/-/cli-spinners-2.9.2.tgz 6977ms (cache miss)
1596 http fetch GET 200 https://registry.npmjs.org/cli-cursor/-/cli-cursor-5.0.0.tgz 6978ms (cache miss)
1597 http fetch GET 200 https://registry.npmjs.org/concat-map/-/concat-map-0.0.1.tgz 7000ms (cache miss)
1598 http fetch GET 200 https://registry.npmjs.org/get-intrinsic/-/get-intrinsic-1.3.0.tgz 7107ms (cache miss)
1599 http fetch GET 200 https://registry.npmjs.org/content-type/-/content-type-1.0.5.tgz 7027ms (cache miss)
1600 http fetch GET 200 https://registry.npmjs.org/chalk/-/chalk-4.1.2.tgz 7010ms (cache miss)
1601 http fetch GET 200 https://registry.npmjs.org/resolve-url-loader/-/resolve-url-loader-5.0.0.tgz 7395ms (cache miss)
1602 http fetch GET 200 https://registry.npmjs.org/cookie/-/cookie-0.7.2.tgz 7053ms (cache miss)
1603 http fetch GET 200 https://registry.npmjs.org/clone-deep/-/clone-deep-4.0.1.tgz 7051ms (cache miss)
1604 http fetch GET 200 https://registry.npmjs.org/cliui/-/cliui-8.0.1.tgz 7044ms (cache miss)
1605 http fetch GET 200 https://registry.npmjs.org/cli-width/-/cli-width-4.1.0.tgz 7051ms (cache miss)
1606 http fetch GET 200 https://registry.npmjs.org/webpack-dev-middleware/-/webpack-dev-middleware-7.4.2.tgz 7521ms (cache miss)
1607 http fetch GET 200 https://registry.npmjs.org/ordered-binary/-/ordered-binary-1.6.1.tgz 7349ms (cache miss)
1608 http fetch GET 200 https://registry.npmjs.org/cssesc/-/cssesc-3.0.0.tgz 7090ms (cache miss)
1609 http fetch GET 200 https://registry.npmjs.org/content-disposition/-/content-disposition-0.5.4.tgz 7077ms (cache miss)
1610 http fetch GET 200 https://registry.npmjs.org/compression/-/compression-1.8.1.tgz 7076ms (cache miss)
1611 http fetch GET 200 https://registry.npmjs.org/chownr/-/chownr-2.0.0.tgz 7062ms (cache miss)
1612 http fetch GET 200 https://registry.npmjs.org/chrome-trace-event/-/chrome-trace-event-1.0.4.tgz 7064ms (cache miss)
1613 http fetch GET 200 https://registry.npmjs.org/bytes/-/bytes-3.1.2.tgz 7056ms (cache miss)
1614 http fetch GET 200 https://registry.npmjs.org/bundle-name/-/bundle-name-4.1.0.tgz 7052ms (cache miss)
1615 http fetch GET 200 https://registry.npmjs.org/buffer-from/-/buffer-from-1.1.2.tgz 7055ms (cache miss)
1616 http fetch GET 200 https://registry.npmjs.org/call-bound/-/call-bound-1.0.4.tgz 7110ms (cache miss)
1617 http fetch GET 200 https://registry.npmjs.org/source-map/-/source-map-0.7.4.tgz 7530ms (cache miss)
1618 http fetch GET 200 https://registry.npmjs.org/call-bind-apply-helpers/-/call-bind-apply-helpers-1.0.2.tgz 7128ms (cache miss)
1619 http fetch GET 200 https://registry.npmjs.org/binary-extensions/-/binary-extensions-2.3.0.tgz 7124ms (cache miss)
1620 http fetch GET 200 https://registry.npmjs.org/socket.io-parser/-/socket.io-parser-4.2.6.tgz 7555ms (cache miss)
1621 http fetch GET 200 https://registry.npmjs.org/pacote/-/pacote-20.0.0.tgz 7457ms (cache miss)
1622 http fetch GET 200 https://registry.npmjs.org/copy-anything/-/copy-anything-2.0.6.tgz 7189ms (cache miss)
1623 http fetch GET 200 https://registry.npmjs.org/callsites/-/callsites-3.1.0.tgz 7165ms (cache miss)
1624 http fetch GET 200 https://registry.npmjs.org/brace-expansion/-/brace-expansion-1.1.15.tgz 7156ms (cache miss)
1625 http fetch GET 200 https://registry.npmjs.org/boolbase/-/boolbase-1.0.0.tgz 7159ms (cache miss)
1626 http fetch GET 200 https://registry.npmjs.org/batch/-/batch-0.6.1.tgz 7155ms (cache miss)
1627 http fetch GET 200 https://registry.npmjs.org/base64-js/-/base64-js-1.5.1.tgz 7149ms (cache miss)
1628 http fetch GET 200 https://registry.npmjs.org/esbuild/-/esbuild-0.28.0.tgz 7270ms (cache miss)
1629 http fetch GET 200 https://registry.npmjs.org/balanced-match/-/balanced-match-1.0.2.tgz 7166ms (cache miss)
1630 http fetch GET 200 https://registry.npmjs.org/babel-loader/-/babel-loader-9.2.1.tgz 7164ms (cache miss)
1631 http fetch GET 200 https://registry.npmjs.org/bl/-/bl-4.1.0.tgz 7208ms (cache miss)
1632 http fetch GET 200 https://registry.npmjs.org/es-module-lexer/-/es-module-lexer-2.1.0.tgz 7318ms (cache miss)
1633 http fetch GET 200 https://registry.npmjs.org/array-flatten/-/array-flatten-1.1.1.tgz 7209ms (cache miss)
1634 http fetch GET 200 https://registry.npmjs.org/anymatch/-/anymatch-3.1.3.tgz 7209ms (cache miss)
1635 http fetch GET 200 https://registry.npmjs.org/clone/-/clone-1.0.4.tgz 7264ms (cache miss)
1636 http fetch GET 200 https://registry.npmjs.org/base64id/-/base64id-2.0.0.tgz 7244ms (cache miss)
1637 http fetch GET 200 https://registry.npmjs.org/babel-plugin-polyfill-regenerator/-/babel-plugin-polyfill-regenerator-0.6.8.tgz 7244ms (cache miss)
1638 http fetch GET 200 https://registry.npmjs.org/ansi-escapes/-/ansi-escapes-7.3.0.tgz 7239ms (cache miss)
1639 http fetch GET 200 https://registry.npmjs.org/ansi-regex/-/ansi-regex-6.2.2.tgz 7241ms (cache miss)
1640 http fetch GET 200 https://registry.npmjs.org/ansi-styles/-/ansi-styles-4.3.0.tgz 7272ms (cache miss)
1641 http fetch GET 200 https://registry.npmjs.org/agent-base/-/agent-base-7.1.4.tgz 7297ms (cache miss)
1642 http fetch GET 200 https://registry.npmjs.org/acorn-import-phases/-/acorn-import-phases-1.0.4.tgz 7297ms (cache miss)
1643 http fetch GET 200 https://registry.npmjs.org/accepts/-/accepts-1.3.8.tgz 7297ms (cache miss)
1644 http fetch GET 200 https://registry.npmjs.org/argparse/-/argparse-2.0.1.tgz 7343ms (cache miss)
1645 http fetch GET 200 https://registry.npmjs.org/ansi-colors/-/ansi-colors-4.1.3.tgz 7342ms (cache miss)
1646 http fetch GET 200 https://registry.npmjs.org/abbrev/-/abbrev-3.0.1.tgz 7337ms (cache miss)
1647 http fetch GET 200 https://registry.npmjs.org/color-convert/-/color-convert-2.0.1.tgz 7395ms (cache miss)
1648 http fetch GET 200 https://registry.npmjs.org/commander/-/commander-2.20.3.tgz 7400ms (cache miss)
1649 http fetch GET 200 https://registry.npmjs.org/schema-utils/-/schema-utils-4.3.3.tgz 7787ms (cache miss)
1650 http fetch GET 200 https://registry.npmjs.org/function-bind/-/function-bind-1.1.2.tgz 7525ms (cache miss)
1651 http fetch GET 200 https://registry.npmjs.org/ansi-html-community/-/ansi-html-community-0.0.8.tgz 7391ms (cache miss)
1652 http fetch GET 200 https://registry.npmjs.org/@webassemblyjs/wast-printer/-/wast-printer-1.14.1.tgz 7383ms (cache miss)
1653 http fetch GET 200 https://registry.npmjs.org/@webassemblyjs/wasm-edit/-/wasm-edit-1.14.1.tgz 7377ms (cache miss)
1654 http fetch GET 200 https://registry.npmjs.org/magic-string/-/magic-string-0.30.17.tgz 7726ms (cache miss)
1655 http fetch GET 200 https://registry.npmjs.org/@webassemblyjs/helper-wasm-section/-/helper-wasm-section-1.14.1.tgz 7465ms (cache miss)
1656 http fetch GET 200 https://registry.npmjs.org/mini-css-extract-plugin/-/mini-css-extract-plugin-2.9.2.tgz 7779ms (cache miss)
1657 http fetch GET 200 https://registry.npmjs.org/@xtuc/ieee754/-/ieee754-1.2.0.tgz 7498ms (cache miss)
1658 http fetch GET 200 https://registry.npmjs.org/@webassemblyjs/utf8/-/utf8-1.13.2.tgz 7496ms (cache miss)
1659 http fetch GET 200 https://registry.npmjs.org/@webassemblyjs/helper-numbers/-/helper-numbers-1.13.2.tgz 7494ms (cache miss)
1660 http fetch GET 200 https://registry.npmjs.org/@webassemblyjs/helper-wasm-bytecode/-/helper-wasm-bytecode-1.13.2.tgz 7494ms (cache miss)
1661 http fetch GET 200 https://registry.npmjs.org/@webassemblyjs/ieee754/-/ieee754-1.13.2.tgz 7497ms (cache miss)
1662 http fetch GET 200 https://registry.npmjs.org/@webassemblyjs/helper-buffer/-/helper-buffer-1.14.1.tgz 7496ms (cache miss)
1663 http fetch GET 200 https://registry.npmjs.org/buffer/-/buffer-5.7.1.tgz 7543ms (cache miss)
1664 http fetch GET 200 https://registry.npmjs.org/copy-webpack-plugin/-/copy-webpack-plugin-12.0.2.tgz 7618ms (cache miss)
1665 http fetch GET 200 https://registry.npmjs.org/@webassemblyjs/wasm-gen/-/wasm-gen-1.14.1.tgz 7547ms (cache miss)
1666 http fetch GET 200 https://registry.npmjs.org/path-scurry/-/path-scurry-1.11.1.tgz 7929ms (cache miss)
1667 http fetch GET 200 https://registry.npmjs.org/minipass/-/minipass-7.1.3.tgz 7857ms (cache miss)
1668 http fetch GET 200 https://registry.npmjs.org/faye-websocket/-/faye-websocket-0.11.4.tgz 7701ms (cache miss)
1669 http fetch GET 200 https://registry.npmjs.org/@types/serve-static/-/serve-static-1.15.10.tgz 7569ms (cache miss)
1670 http fetch GET 200 https://registry.npmjs.org/@types/send/-/send-1.2.1.tgz 7568ms (cache miss)
1671 http fetch GET 200 https://registry.npmjs.org/@webassemblyjs/leb128/-/leb128-1.13.2.tgz 7578ms (cache miss)
1672 http fetch GET 200 https://registry.npmjs.org/@webassemblyjs/floating-point-hex-parser/-/floating-point-hex-parser-1.13.2.tgz 7573ms (cache miss)
1673 http fetch GET 200 https://registry.npmjs.org/eslint-scope/-/eslint-scope-5.1.1.tgz 7729ms (cache miss)
1674 http fetch GET 200 https://registry.npmjs.org/big.js/-/big.js-5.2.2.tgz 7640ms (cache miss)
1675 http fetch GET 200 https://registry.npmjs.org/@types/sockjs/-/sockjs-0.3.36.tgz 7624ms (cache miss)
1676 http fetch GET 200 https://registry.npmjs.org/@types/serve-index/-/serve-index-1.9.4.tgz 7623ms (cache miss)
1677 http fetch GET 200 https://registry.npmjs.org/spdy-transport/-/spdy-transport-3.0.0.tgz 8115ms (cache miss)
1678 http fetch GET 200 https://registry.npmjs.org/@webassemblyjs/helper-api-error/-/helper-api-error-1.13.2.tgz 7655ms (cache miss)
1679 http fetch GET 200 https://registry.npmjs.org/@types/mime/-/mime-1.3.5.tgz 7647ms (cache miss)
1680 http fetch GET 200 https://registry.npmjs.org/@types/qs/-/qs-6.15.1.tgz 7648ms (cache miss)
1681 http fetch GET 200 https://registry.npmjs.org/@types/http-errors/-/http-errors-2.0.5.tgz 7669ms (cache miss)
1682 http fetch GET 200 https://registry.npmjs.org/@webassemblyjs/wasm-opt/-/wasm-opt-1.14.1.tgz 7691ms (cache miss)
1683 http fetch GET 200 https://registry.npmjs.org/fastq/-/fastq-1.20.1.tgz 7844ms (cache miss)
1684 http fetch GET 200 https://registry.npmjs.org/@types/json-schema/-/json-schema-7.0.15.tgz 7688ms (cache miss)
1685 http fetch GET 200 https://registry.npmjs.org/@types/range-parser/-/range-parser-1.2.7.tgz 7709ms (cache miss)
1686 http fetch GET 200 https://registry.npmjs.org/@types/ws/-/ws-8.18.1.tgz 7716ms (cache miss)
1687 http fetch GET 200 https://registry.npmjs.org/@types/estree/-/estree-1.0.8.tgz 7697ms (cache miss)
1688 http fetch GET 200 https://registry.npmjs.org/@types/express/-/express-4.17.25.tgz 7700ms (cache miss)
1689 http fetch GET 200 https://registry.npmjs.org/tar/-/tar-6.2.1.tgz 8215ms (cache miss)
1690 warn deprecated tar@6.2.1: Old versions of tar are not supported, and contain widely publicized security vulnerabilities, which have been fixed in the current version. Please update. Support for old versions may be purchased (at exorbitant rates) by contacting i@izs.me
1691 http fetch GET 200 https://registry.npmjs.org/node-addon-api/-/node-addon-api-6.1.0.tgz 8066ms (cache miss)
1692 http fetch GET 200 https://registry.npmjs.org/@types/node-forge/-/node-forge-1.3.14.tgz 7730ms (cache miss)
1693 http fetch GET 200 https://registry.npmjs.org/@types/retry/-/retry-0.12.2.tgz 7745ms (cache miss)
1694 http fetch GET 200 https://registry.npmjs.org/@types/jasmine/-/jasmine-5.1.15.tgz 7744ms (cache miss)
1695 http fetch GET 200 https://registry.npmjs.org/@types/cors/-/cors-2.8.19.tgz 7733ms (cache miss)
1696 http fetch GET 200 https://registry.npmjs.org/has-symbols/-/has-symbols-1.1.0.tgz 7946ms (cache miss)
1697 http fetch GET 200 https://registry.npmjs.org/@types/express-serve-static-core/-/express-serve-static-core-4.19.8.tgz 7754ms (cache miss)
1698 http fetch GET 200 https://registry.npmjs.org/minizlib/-/minizlib-3.1.0.tgz 8099ms (cache miss)
1699 http fetch GET 200 https://registry.npmjs.org/readable-stream/-/readable-stream-3.6.2.tgz 8193ms (cache miss)
1700 http fetch GET 200 https://registry.npmjs.org/qs/-/qs-6.15.2.tgz 8192ms (cache miss)
1701 http fetch GET 200 https://registry.npmjs.org/signal-exit/-/signal-exit-4.1.0.tgz 8252ms (cache miss)
1702 http fetch GET 200 https://registry.npmjs.org/beasties/-/beasties-0.3.2.tgz 7827ms (cache miss)
1703 http fetch GET 200 https://registry.npmjs.org/@types/http-proxy/-/http-proxy-1.17.17.tgz 7792ms (cache miss)
1704 http fetch GET 200 https://registry.npmjs.org/@types/eslint-scope/-/eslint-scope-3.7.7.tgz 7802ms (cache miss)
1705 http fetch GET 200 https://registry.npmjs.org/braces/-/braces-3.0.3.tgz 7903ms (cache miss)
1706 http fetch GET 200 https://registry.npmjs.org/@types/bonjour/-/bonjour-3.5.13.tgz 7839ms (cache miss)
1707 http fetch GET 200 https://registry.npmjs.org/@types/connect-history-api-fallback/-/connect-history-api-fallback-1.5.4.tgz 7840ms (cache miss)
1708 http fetch GET 200 https://registry.npmjs.org/@socket.io/component-emitter/-/component-emitter-3.1.2.tgz 7835ms (cache miss)
1709 http fetch GET 200 https://registry.npmjs.org/@types/connect/-/connect-3.4.38.tgz 7851ms (cache miss)
1710 http fetch GET 200 https://registry.npmjs.org/es-object-atoms/-/es-object-atoms-1.1.2.tgz 8023ms (cache miss)
1711 http fetch GET 200 https://registry.npmjs.org/babel-plugin-polyfill-corejs2/-/babel-plugin-polyfill-corejs2-0.4.17.tgz 7916ms (cache miss)
1712 http fetch GET 200 https://registry.npmjs.org/@types/body-parser/-/body-parser-1.19.6.tgz 7864ms (cache miss)
1713 http fetch GET 200 https://registry.npmjs.org/@yarnpkg/lockfile/-/lockfile-1.1.0.tgz 7911ms (cache miss)
1714 http fetch GET 200 https://registry.npmjs.org/browserslist/-/browserslist-4.28.2.tgz 7950ms (cache miss)
1715 http fetch GET 200 https://registry.npmjs.org/minimist/-/minimist-1.2.8.tgz 8244ms (cache miss)
1716 http fetch GET 200 https://registry.npmjs.org/body-parser/-/body-parser-1.20.5.tgz 7981ms (cache miss)
1717 http fetch GET 200 https://registry.npmjs.org/immutable/-/immutable-5.1.6.tgz 8169ms (cache miss)
1718 http fetch GET 200 https://registry.npmjs.org/http-proxy/-/http-proxy-1.18.1.tgz 8177ms (cache miss)
1719 http fetch GET 200 https://registry.npmjs.org/baseline-browser-mapping/-/baseline-browser-mapping-2.10.37.tgz 8007ms (cache miss)
1720 http fetch GET 200 https://registry.npmjs.org/ent/-/ent-2.2.2.tgz 8107ms (cache miss)
1721 http fetch GET 200 https://registry.npmjs.org/nanoid/-/nanoid-3.3.12.tgz 8317ms (cache miss)
1722 http fetch GET 200 https://registry.npmjs.org/json5/-/json5-2.2.3.tgz 8257ms (cache miss)
1723 http fetch GET 200 https://registry.npmjs.org/nth-check/-/nth-check-2.1.1.tgz 8349ms (cache miss)
1724 http fetch GET 200 https://registry.npmjs.org/dom-serializer/-/dom-serializer-2.0.0.tgz 8113ms (cache miss)
1725 http fetch GET 200 https://registry.npmjs.org/@webassemblyjs/wasm-parser/-/wasm-parser-1.14.1.tgz 8034ms (cache miss)
1726 http fetch GET 200 https://registry.npmjs.org/chokidar/-/chokidar-4.0.3.tgz 8080ms (cache miss)
1727 http fetch GET 200 https://registry.npmjs.org/@sindresorhus/merge-streams/-/merge-streams-2.3.0.tgz 7996ms (cache miss)
1728 http fetch GET 200 https://registry.npmjs.org/electron-to-chromium/-/electron-to-chromium-1.5.372.tgz 8151ms (cache miss)
1729 http fetch GET 200 https://registry.npmjs.org/karma-coverage/-/karma-coverage-2.2.1.tgz 8320ms (cache miss)
1730 http fetch GET 200 https://registry.npmjs.org/domhandler/-/domhandler-5.0.3.tgz 8176ms (cache miss)
1731 http fetch GET 200 https://registry.npmjs.org/express/-/express-4.22.2.tgz 8265ms (cache miss)
1732 http fetch GET 200 https://registry.npmjs.org/jsonc-parser/-/jsonc-parser-3.3.1.tgz 8428ms (cache miss)
1733 http fetch GET 200 https://registry.npmjs.org/zone.js/-/zone.js-0.15.1.tgz 8710ms (cache miss)
1734 http fetch GET 200 https://registry.npmjs.org/jackspeak/-/jackspeak-3.4.3.tgz 8429ms (cache miss)
1735 http fetch GET 200 https://registry.npmjs.org/@tufjs/canonical-json/-/canonical-json-2.0.0.tgz 8145ms (cache miss)
1736 http fetch GET 200 https://registry.npmjs.org/@npmcli/redact/-/redact-3.2.2.tgz 8131ms (cache miss)
1737 http fetch GET 200 https://registry.npmjs.org/css-loader/-/css-loader-7.1.2.tgz 8270ms (cache miss)
1738 http fetch GET 200 https://registry.npmjs.org/@xtuc/long/-/long-4.2.2.tgz 8198ms (cache miss)
1739 http fetch GET 200 https://registry.npmjs.org/@npmcli/run-script/-/run-script-9.1.0.tgz 8139ms (cache miss)
1740 http fetch GET 200 https://registry.npmjs.org/@sigstore/bundle/-/bundle-3.1.0.tgz 8149ms (cache miss)
1741 http fetch GET 200 https://registry.npmjs.org/hpack.js/-/hpack.js-2.1.6.tgz 8391ms (cache miss)
1742 http fetch GET 200 https://registry.npmjs.org/socks/-/socks-2.8.9.tgz 8687ms (cache miss)
1743 http fetch GET 200 https://registry.npmjs.org/ajv-formats/-/ajv-formats-3.0.1.tgz 8258ms (cache miss)
1744 http fetch GET 200 https://registry.npmjs.org/cacache/-/cacache-19.0.1.tgz 8292ms (cache miss)
1745 http fetch GET 200 https://registry.npmjs.org/@npmcli/promise-spawn/-/promise-spawn-8.0.3.tgz 8205ms (cache miss)
1746 http fetch GET 200 https://registry.npmjs.org/@npmcli/agent/-/agent-3.0.0.tgz 8206ms (cache miss)
1747 http fetch GET 200 https://registry.npmjs.org/jest-worker/-/jest-worker-27.5.1.tgz 8535ms (cache miss)
1748 http fetch GET 200 https://registry.npmjs.org/cosmiconfig/-/cosmiconfig-9.0.2.tgz 8401ms (cache miss)
1749 http fetch GET 200 https://registry.npmjs.org/babel-plugin-polyfill-corejs3/-/babel-plugin-polyfill-corejs3-0.11.1.tgz 8381ms (cache miss)
1750 http fetch GET 200 https://registry.npmjs.org/object-inspect/-/object-inspect-1.13.4.tgz 8845ms (cache miss)
1751 http fetch GET 200 https://registry.npmjs.org/@sigstore/tuf/-/tuf-3.1.1.tgz 8499ms (cache miss)
1752 http fetch GET 200 https://registry.npmjs.org/acorn/-/acorn-8.17.0.tgz 8579ms (cache miss)
1753 http fetch GET 200 https://registry.npmjs.org/@nodelib/fs.scandir/-/fs.scandir-2.1.5.tgz 8522ms (cache miss)
1754 http fetch GET 200 https://registry.npmjs.org/@types/eslint/-/eslint-9.6.1.tgz 8589ms (cache miss)
1755 http fetch GET 200 https://registry.npmjs.org/jasmine-core/-/jasmine-core-5.6.0.tgz 8877ms (cache miss)
1756 http fetch GET 200 https://registry.npmjs.org/@npmcli/node-gyp/-/node-gyp-4.0.0.tgz 8638ms (cache miss)
1757 http fetch GET 200 https://registry.npmjs.org/@nodelib/fs.walk/-/fs.walk-1.2.8.tgz 8656ms (cache miss)
1758 http fetch GET 200 https://registry.npmjs.org/@npmcli/git/-/git-6.0.3.tgz 8655ms (cache miss)
1759 http fetch GET 200 https://registry.npmjs.org/log4js/-/log4js-6.9.1.tgz 9004ms (cache miss)
1760 http fetch GET 200 https://registry.npmjs.org/@npmcli/installed-package-contents/-/installed-package-contents-3.0.0.tgz 8695ms (cache miss)
1761 http fetch GET 200 https://registry.npmjs.org/postcss-selector-parser/-/postcss-selector-parser-7.1.4.tgz 9168ms (cache miss)
1762 http fetch GET 200 https://registry.npmjs.org/@leichtgewicht/ip-codec/-/ip-codec-2.0.5.tgz 8700ms (cache miss)
1763 http fetch GET 200 https://registry.npmjs.org/ip-address/-/ip-address-10.2.0.tgz 9002ms (cache miss)
1764 http fetch GET 200 https://registry.npmjs.org/@nodelib/fs.stat/-/fs.stat-2.0.5.tgz 8727ms (cache miss)
1765 http fetch GET 200 https://registry.npmjs.org/memfs/-/memfs-4.57.7.tgz 9080ms (cache miss)
1766 http fetch GET 200 https://registry.npmjs.org/undici-types/-/undici-types-7.24.6.tgz 9293ms (cache miss)
1767 http fetch GET 200 https://registry.npmjs.org/iconv-lite/-/iconv-lite-0.7.2.tgz 9017ms (cache miss)
1768 http fetch GET 200 https://registry.npmjs.org/math-intrinsics/-/math-intrinsics-1.1.0.tgz 9107ms (cache miss)
1769 http fetch GET 200 https://registry.npmjs.org/@pkgjs/parseargs/-/parseargs-0.11.0.tgz 8782ms (cache miss)
1770 http fetch GET 200 https://registry.npmjs.org/@napi-rs/nice/-/nice-1.1.1.tgz 8824ms (cache miss)
1771 http fetch GET 200 https://registry.npmjs.org/@listr2/prompt-adapter-inquirer/-/prompt-adapter-inquirer-2.0.18.tgz 8842ms (cache miss)
1772 http fetch GET 200 https://registry.npmjs.org/core-js-compat/-/core-js-compat-3.49.0.tgz 8991ms (cache miss)
1773 http fetch GET 200 https://registry.npmjs.org/events/-/events-3.3.0.tgz 9052ms (cache miss)
1774 http fetch GET 200 https://registry.npmjs.org/@parcel/watcher-win32-x64/-/watcher-win32-x64-2.5.6.tgz 8864ms (cache miss)
1775 http fetch GET 200 https://registry.npmjs.org/@npmcli/package-json/-/package-json-6.2.0.tgz 8933ms (cache miss)
1776 http fetch GET 200 https://registry.npmjs.org/@jsonjoy.com/json-pointer/-/json-pointer-1.0.2.tgz 9063ms (cache miss)
1777 http fetch GET 200 https://registry.npmjs.org/hyperdyperid/-/hyperdyperid-1.2.0.tgz 9338ms (cache miss)
1778 http fetch GET 200 https://registry.npmjs.org/@napi-rs/nice-win32-x64-msvc/-/nice-win32-x64-msvc-1.1.1.tgz 9131ms (cache miss)
1779 http fetch GET 200 https://registry.npmjs.org/@msgpackr-extract/msgpackr-extract-win32-x64/-/msgpackr-extract-win32-x64-3.0.4.tgz 9157ms (cache miss)
1780 http fetch GET 200 https://registry.npmjs.org/@istanbuljs/schema/-/schema-0.1.6.tgz 9146ms (cache miss)
1781 http fetch GET 200 https://registry.npmjs.org/fast-uri/-/fast-uri-3.1.2.tgz 9393ms (cache miss)
1782 http fetch GET 200 https://registry.npmjs.org/@jridgewell/source-map/-/source-map-0.3.11.tgz 9202ms (cache miss)
1783 http fetch GET 200 https://registry.npmjs.org/@jridgewell/resolve-uri/-/resolve-uri-3.1.2.tgz 9201ms (cache miss)
1784 http fetch GET 200 https://registry.npmjs.org/@jsonjoy.com/fs-snapshot/-/fs-snapshot-4.57.7.tgz 9220ms (cache miss)
1785 http fetch GET 200 https://registry.npmjs.org/@isaacs/cliui/-/cliui-8.0.2.tgz 9240ms (cache miss)
1786 http fetch GET 200 https://registry.npmjs.org/@inquirer/select/-/select-4.4.2.tgz 9256ms (cache miss)
1787 http fetch GET 200 https://registry.npmjs.org/@inquirer/type/-/type-3.0.10.tgz 9259ms (cache miss)
1788 http fetch GET 200 https://registry.npmjs.org/socket.io/-/socket.io-4.8.3.tgz 9803ms (cache miss)
1789 http fetch GET 200 https://registry.npmjs.org/engine.io/-/engine.io-6.6.8.tgz 9473ms (cache miss)
1790 http fetch GET 200 https://registry.npmjs.org/semver/-/semver-7.7.1.tgz 9813ms (cache miss)
1791 http fetch GET 200 https://registry.npmjs.org/@jsonjoy.com/fs-print/-/fs-print-4.57.7.tgz 9305ms (cache miss)
1792 http fetch GET 200 https://registry.npmjs.org/adjust-sourcemap-loader/-/adjust-sourcemap-loader-4.0.0.tgz 9404ms (cache miss)
1793 http fetch GET 200 https://registry.npmjs.org/@npmcli/fs/-/fs-4.0.0.tgz 9335ms (cache miss)
1794 http fetch GET 200 https://registry.npmjs.org/yargs/-/yargs-17.7.2.tgz 9940ms (cache miss)
1795 http fetch GET 200 https://registry.npmjs.org/@vitejs/plugin-basic-ssl/-/plugin-basic-ssl-1.2.0.tgz 9396ms (cache miss)
1796 http fetch GET 200 https://registry.npmjs.org/@inquirer/number/-/number-3.0.23.tgz 9318ms (cache miss)
1797 http fetch GET 200 https://registry.npmjs.org/jiti/-/jiti-1.21.7.tgz 9689ms (cache miss)
1798 http fetch GET 200 https://registry.npmjs.org/fs-extra/-/fs-extra-8.1.0.tgz 9625ms (cache miss)
1799 http fetch GET 200 https://registry.npmjs.org/@jsonjoy.com/fs-node-builtins/-/fs-node-builtins-4.57.7.tgz 9395ms (cache miss)
1800 http fetch GET 200 https://registry.npmjs.org/@jsonjoy.com/base64/-/base64-1.1.2.tgz 9451ms (cache miss)
1801 http fetch GET 200 https://registry.npmjs.org/@inquirer/prompts/-/prompts-7.3.2.tgz 9447ms (cache miss)
1802 http fetch GET 200 https://registry.npmjs.org/@inquirer/figures/-/figures-1.0.15.tgz 9454ms (cache miss)
1803 http fetch GET 200 https://registry.npmjs.org/htmlparser2/-/htmlparser2-10.1.0.tgz 9788ms (cache miss)
1804 http fetch GET 200 https://registry.npmjs.org/@inquirer/ansi/-/ansi-1.0.2.tgz 9575ms (cache miss)
1805 http fetch GET 200 https://registry.npmjs.org/@inquirer/checkbox/-/checkbox-4.3.2.tgz 9590ms (cache miss)
1806 http fetch GET 200 https://registry.npmjs.org/@inquirer/editor/-/editor-4.2.23.tgz 9595ms (cache miss)
1807 http fetch GET 200 https://registry.npmjs.org/postcss/-/postcss-8.5.12.tgz 10093ms (cache miss)
1808 http fetch GET 200 https://registry.npmjs.org/@inquirer/search/-/search-3.2.2.tgz 9611ms (cache miss)
1809 http fetch GET 200 https://registry.npmjs.org/js-yaml/-/js-yaml-4.2.0.tgz 9963ms (cache miss)
1810 http fetch GET 200 https://registry.npmjs.org/chardet/-/chardet-2.1.1.tgz 9780ms (cache miss)
1811 http fetch GET 200 https://registry.npmjs.org/@inquirer/password/-/password-4.0.23.tgz 9658ms (cache miss)
1812 http fetch GET 200 https://registry.npmjs.org/@babel/preset-modules/-/preset-modules-0.1.6-no-external-plugins.tgz 9669ms (cache miss)
1813 http fetch GET 200 https://registry.npmjs.org/@inquirer/rawlist/-/rawlist-4.1.11.tgz 9718ms (cache miss)
1814 http fetch GET 200 https://registry.npmjs.org/@inquirer/input/-/input-4.3.1.tgz 9730ms (cache miss)
1815 http fetch GET 200 https://registry.npmjs.org/@babel/plugin-transform-typeof-symbol/-/plugin-transform-typeof-symbol-7.29.7.tgz 9744ms (cache miss)
1816 http fetch GET 200 https://registry.npmjs.org/@babel/plugin-transform-template-literals/-/plugin-transform-template-literals-7.29.7.tgz 9744ms (cache miss)
1817 http fetch GET 200 https://registry.npmjs.org/thingies/-/thingies-2.6.0.tgz 10341ms (cache miss)
1818 http fetch GET 200 https://registry.npmjs.org/@inquirer/expand/-/expand-4.0.23.tgz 9775ms (cache miss)
1819 http fetch GET 200 https://registry.npmjs.org/@inquirer/confirm/-/confirm-5.1.6.tgz 9796ms (cache miss)
1820 http fetch GET 200 https://registry.npmjs.org/@babel/plugin-transform-shorthand-properties/-/plugin-transform-shorthand-properties-7.29.7.tgz 9804ms (cache miss)
1821 http fetch GET 200 https://registry.npmjs.org/uuid/-/uuid-8.3.2.tgz 10444ms (cache miss)
1822 warn deprecated uuid@8.3.2: uuid@10 and below is no longer supported.  For ESM codebases, update to uuid@latest.  For CommonJS codebases, use uuid@11 (but be aware this version will likely be deprecated in 2028).
1823 http fetch GET 200 https://registry.npmjs.org/@babel/plugin-transform-unicode-regex/-/plugin-transform-unicode-regex-7.29.7.tgz 9871ms (cache miss)
1824 http fetch GET 200 https://registry.npmjs.org/@babel/plugin-transform-unicode-property-regex/-/plugin-transform-unicode-property-regex-7.29.7.tgz 9870ms (cache miss)
1825 http fetch GET 200 https://registry.npmjs.org/@babel/plugin-transform-unicode-sets-regex/-/plugin-transform-unicode-sets-regex-7.29.7.tgz 9873ms (cache miss)
1826 http fetch GET 200 https://registry.npmjs.org/@babel/plugin-transform-unicode-escapes/-/plugin-transform-unicode-escapes-7.29.7.tgz 9918ms (cache miss)
1827 http fetch GET 200 https://registry.npmjs.org/@babel/plugin-transform-private-property-in-object/-/plugin-transform-private-property-in-object-7.29.7.tgz 9910ms (cache miss)
1828 http fetch GET 200 https://registry.npmjs.org/@isaacs/fs-minipass/-/fs-minipass-4.0.1.tgz 9981ms (cache miss)
1829 http fetch GET 200 https://registry.npmjs.org/@babel/plugin-transform-runtime/-/plugin-transform-runtime-7.26.10.tgz 10003ms (cache miss)
1830 http fetch GET 200 https://registry.npmjs.org/@babel/plugin-transform-sticky-regex/-/plugin-transform-sticky-regex-7.29.7.tgz 10007ms (cache miss)
1831 http fetch GET 200 https://registry.npmjs.org/@webassemblyjs/ast/-/ast-1.14.1.tgz 10121ms (cache miss)
1832 http fetch GET 200 https://registry.npmjs.org/istanbul-reports/-/istanbul-reports-3.2.0.tgz 10377ms (cache miss)
1833 http fetch GET 200 https://registry.npmjs.org/@babel/plugin-transform-spread/-/plugin-transform-spread-7.29.7.tgz 10022ms (cache miss)
1834 http fetch GET 200 https://registry.npmjs.org/@babel/plugin-transform-new-target/-/plugin-transform-new-target-7.29.7.tgz 10102ms (cache miss)
1835 http fetch GET 200 https://registry.npmjs.org/@babel/plugin-transform-reserved-words/-/plugin-transform-reserved-words-7.29.7.tgz 10110ms (cache miss)
1836 http fetch GET 200 https://registry.npmjs.org/@babel/plugin-transform-regexp-modifiers/-/plugin-transform-regexp-modifiers-7.29.7.tgz 10112ms (cache miss)
1837 http fetch GET 200 https://registry.npmjs.org/@babel/plugin-transform-nullish-coalescing-operator/-/plugin-transform-nullish-coalescing-operator-7.29.7.tgz 10127ms (cache miss)
1838 http fetch GET 200 https://registry.npmjs.org/@babel/plugin-transform-property-literals/-/plugin-transform-property-literals-7.29.7.tgz 10157ms (cache miss)
1839 http fetch GET 200 https://registry.npmjs.org/@babel/plugin-transform-object-rest-spread/-/plugin-transform-object-rest-spread-7.29.7.tgz 10185ms (cache miss)
1840 http fetch GET 200 https://registry.npmjs.org/@babel/plugin-transform-optional-catch-binding/-/plugin-transform-optional-catch-binding-7.29.7.tgz 10190ms (cache miss)
1841 http fetch GET 200 https://registry.npmjs.org/@babel/plugin-transform-private-methods/-/plugin-transform-private-methods-7.29.7.tgz 10191ms (cache miss)
1842 http fetch GET 200 https://registry.npmjs.org/@babel/plugin-transform-modules-amd/-/plugin-transform-modules-amd-7.29.7.tgz 10193ms (cache miss)
1843 http fetch GET 200 https://registry.npmjs.org/@babel/plugin-transform-optional-chaining/-/plugin-transform-optional-chaining-7.29.7.tgz 10200ms (cache miss)
1844 http fetch GET 200 https://registry.npmjs.org/@babel/plugin-transform-object-super/-/plugin-transform-object-super-7.29.7.tgz 10199ms (cache miss)
1845 http fetch GET 200 https://registry.npmjs.org/@babel/plugin-transform-member-expression-literals/-/plugin-transform-member-expression-literals-7.29.7.tgz 10195ms (cache miss)
1846 http fetch GET 200 https://registry.npmjs.org/@rollup/rollup-win32-x64-gnu/-/rollup-win32-x64-gnu-4.59.0.tgz 10296ms (cache miss)
1847 http fetch GET 200 https://registry.npmjs.org/@babel/plugin-transform-modules-systemjs/-/plugin-transform-modules-systemjs-7.29.7.tgz 10225ms (cache miss)
1848 http fetch GET 200 https://registry.npmjs.org/@babel/plugin-transform-literals/-/plugin-transform-literals-7.29.7.tgz 10219ms (cache miss)
1849 http fetch GET 200 https://registry.npmjs.org/@babel/plugin-transform-logical-assignment-operators/-/plugin-transform-logical-assignment-operators-7.29.7.tgz 10232ms (cache miss)
1850 http fetch GET 200 https://registry.npmjs.org/@babel/plugin-transform-numeric-separator/-/plugin-transform-numeric-separator-7.29.7.tgz 10244ms (cache miss)
1851 http fetch GET 200 https://registry.npmjs.org/@lmdb/lmdb-win32-x64/-/lmdb-win32-x64-3.2.6.tgz 10297ms (cache miss)
1852 http fetch GET 200 https://registry.npmjs.org/@babel/plugin-transform-function-name/-/plugin-transform-function-name-7.29.7.tgz 10279ms (cache miss)
1853 http fetch GET 200 https://registry.npmjs.org/@babel/plugin-transform-duplicate-named-capturing-groups-regex/-/plugin-transform-duplicate-named-capturing-groups-regex-7.29.7.tgz 10275ms (cache miss)
1854 http fetch GET 200 https://registry.npmjs.org/@babel/plugin-transform-exponentiation-operator/-/plugin-transform-exponentiation-operator-7.29.7.tgz 10280ms (cache miss)
1855 http fetch GET 200 https://registry.npmjs.org/bonjour-service/-/bonjour-service-1.4.1.tgz 10456ms (cache miss)
1856 http fetch GET 200 https://registry.npmjs.org/http-proxy-middleware/-/http-proxy-middleware-3.0.5.tgz 10641ms (cache miss)
1857 http fetch GET 200 https://registry.npmjs.org/@babel/plugin-transform-modules-umd/-/plugin-transform-modules-umd-7.29.7.tgz 10326ms (cache miss)
1858 http fetch GET 200 https://registry.npmjs.org/fast-glob/-/fast-glob-3.3.3.tgz 10595ms (cache miss)
1859 http fetch GET 200 https://registry.npmjs.org/needle/-/needle-3.5.0.tgz 10794ms (cache miss)
1860 http fetch GET 200 https://registry.npmjs.org/@babel/plugin-transform-duplicate-keys/-/plugin-transform-duplicate-keys-7.29.7.tgz 10336ms (cache miss)
1861 http fetch GET 200 https://registry.npmjs.org/@babel/plugin-transform-dotall-regex/-/plugin-transform-dotall-regex-7.29.7.tgz 10335ms (cache miss)
1862 http fetch GET 200 https://registry.npmjs.org/@babel/plugin-transform-computed-properties/-/plugin-transform-computed-properties-7.29.7.tgz 10334ms (cache miss)
1863 http fetch GET 200 https://registry.npmjs.org/@babel/plugin-transform-block-scoped-functions/-/plugin-transform-block-scoped-functions-7.29.7.tgz 10378ms (cache miss)
1864 http fetch GET 200 https://registry.npmjs.org/@babel/plugin-transform-named-capturing-groups-regex/-/plugin-transform-named-capturing-groups-regex-7.29.7.tgz 10399ms (cache miss)
1865 http fetch GET 200 https://registry.npmjs.org/@babel/plugin-transform-class-properties/-/plugin-transform-class-properties-7.29.7.tgz 10380ms (cache miss)
1866 http fetch GET 200 https://registry.npmjs.org/@tufjs/models/-/models-3.0.1.tgz 10493ms (cache miss)
1867 http fetch GET 200 https://registry.npmjs.org/@sigstore/protobuf-specs/-/protobuf-specs-0.4.3.tgz 10492ms (cache miss)
1868 http fetch GET 200 https://registry.npmjs.org/rollup/-/rollup-4.59.0.tgz 10973ms (cache miss)
1869 http fetch GET 200 https://registry.npmjs.org/@sigstore/core/-/core-2.0.0.tgz 10510ms (cache miss)
1870 http fetch GET 200 https://registry.npmjs.org/@parcel/watcher/-/watcher-2.5.6.tgz 10502ms (cache miss)
1871 http fetch GET 200 https://registry.npmjs.org/@babel/plugin-transform-parameters/-/plugin-transform-parameters-7.29.7.tgz 10438ms (cache miss)
1872 http fetch GET 200 https://registry.npmjs.org/@jridgewell/sourcemap-codec/-/sourcemap-codec-1.5.5.tgz 10476ms (cache miss)
1873 http fetch GET 200 https://registry.npmjs.org/msgpackr/-/msgpackr-1.12.1.tgz 10876ms (cache miss)
1874 http fetch GET 200 https://registry.npmjs.org/@babel/plugin-syntax-unicode-sets-regex/-/plugin-syntax-unicode-sets-regex-7.18.6.tgz 10412ms (cache miss)
1875 http fetch GET 200 https://registry.npmjs.org/@babel/plugin-transform-arrow-functions/-/plugin-transform-arrow-functions-7.29.7.tgz 10413ms (cache miss)
1876 http fetch GET 200 https://registry.npmjs.org/@babel/plugin-bugfix-v8-static-class-fields-redefine-readonly/-/plugin-bugfix-v8-static-class-fields-redefine-readonly-7.29.7.tgz 10418ms (cache miss)
1877 http fetch GET 200 https://registry.npmjs.org/@babel/plugin-transform-destructuring/-/plugin-transform-destructuring-7.29.7.tgz 10438ms (cache miss)
1878 http fetch GET 200 https://registry.npmjs.org/@babel/plugin-transform-export-namespace-from/-/plugin-transform-export-namespace-from-7.29.7.tgz 10452ms (cache miss)
1879 http fetch GET 200 https://registry.npmjs.org/@babel/plugin-transform-dynamic-import/-/plugin-transform-dynamic-import-7.29.7.tgz 10451ms (cache miss)
1880 http fetch GET 200 https://registry.npmjs.org/@babel/plugin-bugfix-safari-id-destructuring-collision-in-function-expression/-/plugin-bugfix-safari-id-destructuring-collision-in-function-expression-7.29.7.tgz 10438ms (cache miss)
1881 http fetch GET 200 https://registry.npmjs.org/@babel/plugin-transform-for-of/-/plugin-transform-for-of-7.29.7.tgz 10459ms (cache miss)
1882 http fetch GET 200 https://registry.npmjs.org/@babel/plugin-transform-json-strings/-/plugin-transform-json-strings-7.29.7.tgz 10470ms (cache miss)
1883 http fetch GET 200 https://registry.npmjs.org/@babel/plugin-bugfix-safari-class-field-initializer-scope/-/plugin-bugfix-safari-class-field-initializer-scope-7.29.7.tgz 10452ms (cache miss)
1884 http fetch GET 200 https://registry.npmjs.org/@sigstore/verify/-/verify-2.1.1.tgz 10594ms (cache miss)
1885 http fetch GET 200 https://registry.npmjs.org/@babel/plugin-bugfix-v8-spread-parameters-in-optional-chaining/-/plugin-bugfix-v8-spread-parameters-in-optional-chaining-7.29.7.tgz 10499ms (cache miss)
1886 http fetch GET 200 https://registry.npmjs.org/@babel/plugin-transform-async-generator-functions/-/plugin-transform-async-generator-functions-7.26.8.tgz 10504ms (cache miss)
1887 http fetch GET 200 https://registry.npmjs.org/@babel/plugin-transform-async-to-generator/-/plugin-transform-async-to-generator-7.25.9.tgz 10506ms (cache miss)
1888 http fetch GET 200 https://registry.npmjs.org/@rollup/rollup-win32-x64-msvc/-/rollup-win32-x64-msvc-4.59.0.tgz 10604ms (cache miss)
1889 http fetch GET 200 https://registry.npmjs.org/@babel/helper-validator-identifier/-/helper-validator-identifier-7.29.7.tgz 10498ms (cache miss)
1890 http fetch GET 200 https://registry.npmjs.org/@babel/plugin-transform-modules-commonjs/-/plugin-transform-modules-commonjs-7.29.7.tgz 10540ms (cache miss)
1891 http fetch GET 200 https://registry.npmjs.org/@colors/colors/-/colors-1.5.0.tgz 10568ms (cache miss)
1892 http fetch GET 200 https://registry.npmjs.org/@babel/plugin-transform-class-static-block/-/plugin-transform-class-static-block-7.29.7.tgz 10523ms (cache miss)
1893 http fetch GET 200 https://registry.npmjs.org/@babel/plugin-proposal-private-property-in-object/-/plugin-proposal-private-property-in-object-7.21.0-placeholder-for-preset-env.2.tgz 10524ms (cache miss)
1894 http fetch GET 200 https://registry.npmjs.org/@jsonjoy.com/codegen/-/codegen-1.0.0.tgz 10595ms (cache miss)
1895 http fetch GET 200 https://registry.npmjs.org/@babel/helper-string-parser/-/helper-string-parser-7.29.7.tgz 10515ms (cache miss)
1896 http fetch GET 200 https://registry.npmjs.org/@jsonjoy.com/fs-node-to-fsa/-/fs-node-to-fsa-4.57.7.tgz 10609ms (cache miss)
1897 http fetch GET 200 https://registry.npmjs.org/enhanced-resolve/-/enhanced-resolve-5.24.0.tgz 10801ms (cache miss)
1898 http fetch GET 200 https://registry.npmjs.org/vite/-/vite-6.4.3.tgz 11219ms (cache miss)
1899 http fetch GET 200 https://registry.npmjs.org/@discoveryjs/json-ext/-/json-ext-0.6.3.tgz 10644ms (cache miss)
1900 http fetch GET 200 https://registry.npmjs.org/@babel/helper-wrap-function/-/helper-wrap-function-7.29.7.tgz 10581ms (cache miss)
1901 http fetch GET 200 https://registry.npmjs.org/@babel/helper-optimise-call-expression/-/helper-optimise-call-expression-7.29.7.tgz 10580ms (cache miss)
1902 http fetch GET 200 https://registry.npmjs.org/@babel/plugin-syntax-import-assertions/-/plugin-syntax-import-assertions-7.29.7.tgz 10601ms (cache miss)
1903 http fetch GET 200 https://registry.npmjs.org/@babel/helper-plugin-utils/-/helper-plugin-utils-7.29.7.tgz 10586ms (cache miss)
1904 http fetch GET 200 https://registry.npmjs.org/@babel/template/-/template-7.29.7.tgz 10657ms (cache miss)
1905 http fetch GET 200 https://registry.npmjs.org/@babel/plugin-syntax-import-attributes/-/plugin-syntax-import-attributes-7.26.0.tgz 10608ms (cache miss)
1906 http fetch GET 200 https://registry.npmjs.org/@babel/helper-remap-async-to-generator/-/helper-remap-async-to-generator-7.29.7.tgz 10605ms (cache miss)
1907 http fetch GET 200 https://registry.npmjs.org/@babel/plugin-bugfix-firefox-class-in-computed-class-key/-/plugin-bugfix-firefox-class-in-computed-class-key-7.29.7.tgz 10619ms (cache miss)
1908 http fetch GET 200 https://registry.npmjs.org/@babel/helper-module-imports/-/helper-module-imports-7.29.7.tgz 10613ms (cache miss)
1909 http fetch GET 200 https://registry.npmjs.org/@inquirer/external-editor/-/external-editor-1.0.3.tgz 10696ms (cache miss)
1910 http fetch GET 200 https://registry.npmjs.org/terser/-/terser-5.39.0.tgz 11317ms (cache miss)
1911 http fetch GET 200 https://registry.npmjs.org/@jsonjoy.com/fs-fsa/-/fs-fsa-4.57.7.tgz 10760ms (cache miss)
1912 http fetch GET 200 https://registry.npmjs.org/@babel/plugin-transform-classes/-/plugin-transform-classes-7.29.7.tgz 10695ms (cache miss)
1913 http fetch GET 200 https://registry.npmjs.org/@babel/helper-compilation-targets/-/helper-compilation-targets-7.29.7.tgz 10670ms (cache miss)
1914 http fetch GET 200 https://registry.npmjs.org/@babel/helper-validator-option/-/helper-validator-option-7.29.7.tgz 10686ms (cache miss)
1915 http fetch GET 200 https://registry.npmjs.org/@babel/helper-split-export-declaration/-/helper-split-export-declaration-7.24.7.tgz 10702ms (cache miss)
1916 http fetch GET 200 https://registry.npmjs.org/@babel/plugin-transform-regenerator/-/plugin-transform-regenerator-7.29.7.tgz 10752ms (cache miss)
1917 http fetch GET 200 https://registry.npmjs.org/@babel/helper-member-expression-to-functions/-/helper-member-expression-to-functions-7.29.7.tgz 10712ms (cache miss)
1918 http fetch GET 200 https://registry.npmjs.org/domutils/-/domutils-3.2.2.tgz 11011ms (cache miss)
1919 http fetch GET 200 https://registry.npmjs.org/@babel/helper-skip-transparent-expression-wrappers/-/helper-skip-transparent-expression-wrappers-7.29.7.tgz 10747ms (cache miss)
1920 http fetch GET 200 https://registry.npmjs.org/@babel/helper-replace-supers/-/helper-replace-supers-7.29.7.tgz 10749ms (cache miss)
1921 http fetch GET 200 https://registry.npmjs.org/@babel/compat-data/-/compat-data-7.29.7.tgz 10750ms (cache miss)
1922 http fetch GET 200 https://registry.npmjs.org/parse5/-/parse5-7.3.0.tgz 11303ms (cache miss)
1923 http fetch GET 200 https://registry.npmjs.org/@jsonjoy.com/fs-core/-/fs-core-4.57.7.tgz 10873ms (cache miss)
1924 http fetch GET 200 https://registry.npmjs.org/@jridgewell/gen-mapping/-/gen-mapping-0.3.13.tgz 10885ms (cache miss)
1925 http fetch GET 200 https://registry.npmjs.org/@babel/helper-create-regexp-features-plugin/-/helper-create-regexp-features-plugin-7.29.7.tgz 10815ms (cache miss)
1926 http fetch GET 200 https://registry.npmjs.org/entities/-/entities-4.5.0.tgz 11107ms (cache miss)
1927 http fetch GET 200 https://registry.npmjs.org/@babel/helper-globals/-/helper-globals-7.29.7.tgz 10825ms (cache miss)
1928 http fetch GET 200 https://registry.npmjs.org/@babel/helper-annotate-as-pure/-/helper-annotate-as-pure-7.25.9.tgz 10884ms (cache miss)
1929 http fetch GET 200 https://registry.npmjs.org/@ngtools/webpack/-/webpack-19.2.27.tgz 11027ms (cache miss)
1930 http fetch GET 200 https://registry.npmjs.org/@babel/plugin-transform-block-scoping/-/plugin-transform-block-scoping-7.29.7.tgz 10949ms (cache miss)
1931 http fetch GET 200 https://registry.npmjs.org/node-forge/-/node-forge-1.4.0.tgz 11489ms (cache miss)
1932 http fetch GET 200 https://registry.npmjs.org/@babel/code-frame/-/code-frame-7.29.7.tgz 11009ms (cache miss)
1933 http fetch GET 200 https://registry.npmjs.org/@angular/platform-browser-dynamic/-/platform-browser-dynamic-19.2.25.tgz 11010ms (cache miss)
1934 http fetch GET 200 https://registry.npmjs.org/serve-index/-/serve-index-1.9.2.tgz 11739ms (cache miss)
1935 http fetch GET 200 https://registry.npmjs.org/string-width/-/string-width-4.2.3.tgz 11164ms (cache miss)
1936 http fetch GET 200 https://registry.npmjs.org/is-fullwidth-code-point/-/is-fullwidth-code-point-3.0.0.tgz 11166ms (cache miss)
1937 http fetch GET 200 https://registry.npmjs.org/strip-ansi/-/strip-ansi-6.0.1.tgz 11178ms (cache miss)
1938 http fetch GET 200 https://registry.npmjs.org/@babel/helper-module-transforms/-/helper-module-transforms-7.29.7.tgz 11227ms (cache miss)
1939 http fetch GET 200 https://registry.npmjs.org/string-width/-/string-width-4.2.3.tgz 11237ms (cache miss)
1940 http fetch GET 200 https://registry.npmjs.org/strip-ansi/-/strip-ansi-6.0.1.tgz 11238ms (cache miss)
1941 http fetch GET 200 https://registry.npmjs.org/string-width/-/string-width-4.2.3.tgz 11239ms (cache miss)
1942 http fetch GET 200 https://registry.npmjs.org/ansi-regex/-/ansi-regex-5.0.1.tgz 11241ms (cache miss)
1943 http fetch GET 200 https://registry.npmjs.org/emoji-regex/-/emoji-regex-8.0.0.tgz 11242ms (cache miss)
1944 http fetch GET 200 https://registry.npmjs.org/@sigstore/sign/-/sign-3.1.0.tgz 11414ms (cache miss)
1945 http fetch GET 200 https://registry.npmjs.org/is-fullwidth-code-point/-/is-fullwidth-code-point-3.0.0.tgz 11325ms (cache miss)
1946 http fetch GET 200 https://registry.npmjs.org/is-fullwidth-code-point/-/is-fullwidth-code-point-3.0.0.tgz 11323ms (cache miss)
1947 http fetch GET 200 https://registry.npmjs.org/ansi-regex/-/ansi-regex-5.0.1.tgz 11346ms (cache miss)
1948 http fetch GET 200 https://registry.npmjs.org/emoji-regex/-/emoji-regex-8.0.0.tgz 11347ms (cache miss)
1949 http fetch GET 200 https://registry.npmjs.org/emoji-regex/-/emoji-regex-8.0.0.tgz 11344ms (cache miss)
1950 http fetch GET 200 https://registry.npmjs.org/readdirp/-/readdirp-3.6.0.tgz 11401ms (cache miss)
1951 http fetch GET 200 https://registry.npmjs.org/strip-ansi/-/strip-ansi-6.0.1.tgz 11401ms (cache miss)
1952 http fetch GET 200 https://registry.npmjs.org/ansi-regex/-/ansi-regex-5.0.1.tgz 11400ms (cache miss)
1953 http fetch GET 200 https://registry.npmjs.org/json-parse-even-better-errors/-/json-parse-even-better-errors-2.3.1.tgz 11563ms (cache miss)
1954 http fetch GET 200 https://registry.npmjs.org/mkdirp/-/mkdirp-1.0.4.tgz 11563ms (cache miss)
1955 http fetch GET 200 https://registry.npmjs.org/yallist/-/yallist-4.0.0.tgz 11590ms (cache miss)
1956 http fetch GET 200 https://registry.npmjs.org/@angular-devkit/build-webpack/-/build-webpack-0.1902.27.tgz 11667ms (cache miss)
1957 http fetch GET 200 https://registry.npmjs.org/fs-minipass/-/fs-minipass-2.1.0.tgz 11640ms (cache miss)
1958 http fetch GET 200 https://registry.npmjs.org/@jsonjoy.com/fs-node-utils/-/fs-node-utils-4.57.7.tgz 11783ms (cache miss)
1959 http fetch GET 200 https://registry.npmjs.org/@babel/helper-create-class-features-plugin/-/helper-create-class-features-plugin-7.29.7.tgz 11690ms (cache miss)
1960 http fetch GET 200 https://registry.npmjs.org/is-fullwidth-code-point/-/is-fullwidth-code-point-3.0.0.tgz 11679ms (cache miss)
1961 http fetch GET 200 https://registry.npmjs.org/ansi-regex/-/ansi-regex-5.0.1.tgz 11678ms (cache miss)
1962 http fetch GET 200 https://registry.npmjs.org/minizlib/-/minizlib-2.1.2.tgz 11683ms (cache miss)
1963 http fetch GET 200 https://registry.npmjs.org/ansi-regex/-/ansi-regex-5.0.1.tgz 11680ms (cache miss)
1964 http fetch GET 200 https://registry.npmjs.org/minipass/-/minipass-3.3.6.tgz 11706ms (cache miss)
1965 http fetch GET 200 https://registry.npmjs.org/@jridgewell/trace-mapping/-/trace-mapping-0.3.31.tgz 11848ms (cache miss)
1966 http fetch GET 200 https://registry.npmjs.org/minipass/-/minipass-3.3.6.tgz 11805ms (cache miss)
1967 http fetch GET 200 https://registry.npmjs.org/strip-ansi/-/strip-ansi-6.0.1.tgz 11807ms (cache miss)
1968 http fetch GET 200 https://registry.npmjs.org/emoji-regex/-/emoji-regex-8.0.0.tgz 11839ms (cache miss)
1969 http fetch GET 200 https://registry.npmjs.org/ansi-styles/-/ansi-styles-6.2.3.tgz 11838ms (cache miss)
1970 http fetch GET 200 https://registry.npmjs.org/ms/-/ms-2.0.0.tgz 11837ms (cache miss)
1971 http fetch GET 200 https://registry.npmjs.org/statuses/-/statuses-2.0.2.tgz 11837ms (cache miss)
1972 http fetch GET 200 https://registry.npmjs.org/depd/-/depd-1.1.2.tgz 11837ms (cache miss)
1973 http fetch GET 200 https://registry.npmjs.org/@ampproject/remapping/-/remapping-2.3.0.tgz 11970ms (cache miss)
1974 http fetch GET 200 https://registry.npmjs.org/encodeurl/-/encodeurl-2.0.0.tgz 11949ms (cache miss)
1975 http fetch GET 200 https://registry.npmjs.org/http-errors/-/http-errors-1.8.1.tgz 11946ms (cache miss)
1976 http fetch GET 200 https://registry.npmjs.org/glob-parent/-/glob-parent-5.1.2.tgz 11967ms (cache miss)
1977 http fetch GET 200 https://registry.npmjs.org/ms/-/ms-2.0.0.tgz 12001ms (cache miss)
1978 http fetch GET 200 https://registry.npmjs.org/minipass/-/minipass-5.0.0.tgz 12047ms (cache miss)
1979 http fetch GET 200 https://registry.npmjs.org/json-parse-even-better-errors/-/json-parse-even-better-errors-2.3.1.tgz 12079ms (cache miss)
1980 http fetch GET 200 https://registry.npmjs.org/loader-utils/-/loader-utils-2.0.4.tgz 12086ms (cache miss)
1981 http fetch GET 200 https://registry.npmjs.org/strip-ansi/-/strip-ansi-6.0.1.tgz 12084ms (cache miss)
1982 http fetch GET 200 https://registry.npmjs.org/retry/-/retry-0.13.1.tgz 12087ms (cache miss)
1983 http fetch GET 200 https://registry.npmjs.org/encodeurl/-/encodeurl-2.0.0.tgz 12185ms (cache miss)
1984 http fetch GET 200 https://registry.npmjs.org/onetime/-/onetime-5.1.2.tgz 12201ms (cache miss)
1985 http fetch GET 200 https://registry.npmjs.org/which/-/which-5.0.0.tgz 12291ms (cache miss)
1986 http fetch GET 200 https://registry.npmjs.org/restore-cursor/-/restore-cursor-3.1.0.tgz 12294ms (cache miss)
1987 http fetch GET 200 https://registry.npmjs.org/chokidar/-/chokidar-3.6.0.tgz 12367ms (cache miss)
1988 http fetch GET 200 https://registry.npmjs.org/esbuild/-/esbuild-0.25.12.tgz 12370ms (cache miss)
1989 http fetch GET 200 https://registry.npmjs.org/autoprefixer/-/autoprefixer-10.4.20.tgz 12596ms (cache miss)
1990 http fetch GET 200 https://registry.npmjs.org/ansi-regex/-/ansi-regex-5.0.1.tgz 12361ms (cache miss)
1991 http fetch GET 200 https://registry.npmjs.org/signal-exit/-/signal-exit-3.0.7.tgz 12373ms (cache miss)
1992 http fetch GET 200 https://registry.npmjs.org/cli-cursor/-/cli-cursor-3.1.0.tgz 12371ms (cache miss)
1993 http fetch GET 200 https://registry.npmjs.org/picomatch/-/picomatch-2.3.2.tgz 12463ms (cache miss)
1994 http fetch GET 200 https://registry.npmjs.org/ipaddr.js/-/ipaddr.js-1.9.1.tgz 12536ms (cache miss)
1995 http fetch GET 200 https://registry.npmjs.org/yallist/-/yallist-4.0.0.tgz 12525ms (cache miss)
1996 http fetch GET 200 https://registry.npmjs.org/yallist/-/yallist-4.0.0.tgz 12523ms (cache miss)
1997 http fetch GET 200 https://registry.npmjs.org/yallist/-/yallist-4.0.0.tgz 12522ms (cache miss)
1998 http fetch GET 200 https://registry.npmjs.org/chownr/-/chownr-3.0.0.tgz 12525ms (cache miss)
1999 http fetch GET 200 https://registry.npmjs.org/license-webpack-plugin/-/license-webpack-plugin-4.0.2.tgz 13057ms (cache miss)
2000 http fetch GET 200 https://registry.npmjs.org/ansi-styles/-/ansi-styles-6.2.3.tgz 12741ms (cache miss)
2001 http fetch GET 200 https://registry.npmjs.org/is-fullwidth-code-point/-/is-fullwidth-code-point-5.1.0.tgz 12752ms (cache miss)
2002 http fetch GET 200 https://registry.npmjs.org/slice-ansi/-/slice-ansi-7.1.2.tgz 12746ms (cache miss)
2003 http fetch GET 200 https://registry.npmjs.org/ansi-styles/-/ansi-styles-6.2.3.tgz 12744ms (cache miss)
2004 http fetch GET 200 https://registry.npmjs.org/wrap-ansi/-/wrap-ansi-9.0.2.tgz 12763ms (cache miss)
2005 http fetch GET 200 https://registry.npmjs.org/wrap-ansi/-/wrap-ansi-7.0.0.tgz 12825ms (cache miss)
2006 http fetch GET 200 https://registry.npmjs.org/strip-ansi/-/strip-ansi-6.0.1.tgz 12848ms (cache miss)
2007 http fetch GET 200 https://registry.npmjs.org/make-dir/-/make-dir-2.1.0.tgz 12852ms (cache miss)
2008 http fetch GET 200 https://registry.npmjs.org/wrap-ansi/-/wrap-ansi-9.0.2.tgz 12969ms (cache miss)
2009 http fetch GET 200 https://registry.npmjs.org/karma/-/karma-6.4.4.tgz 13551ms (cache miss)
2010 http fetch GET 200 https://registry.npmjs.org/is-fullwidth-code-point/-/is-fullwidth-code-point-3.0.0.tgz 13017ms (cache miss)
2011 http fetch GET 200 https://registry.npmjs.org/minipass/-/minipass-3.3.6.tgz 13045ms (cache miss)
2012 http fetch GET 200 https://registry.npmjs.org/minipass/-/minipass-3.3.6.tgz 13048ms (cache miss)
2013 http fetch GET 200 https://registry.npmjs.org/readdirp/-/readdirp-3.6.0.tgz 13057ms (cache miss)
2014 http fetch GET 200 https://registry.npmjs.org/string-width/-/string-width-4.2.3.tgz 13060ms (cache miss)
2015 http fetch GET 200 https://registry.npmjs.org/emoji-regex/-/emoji-regex-8.0.0.tgz 13059ms (cache miss)
2016 http fetch GET 200 https://registry.npmjs.org/ansi-regex/-/ansi-regex-5.0.1.tgz 13057ms (cache miss)
2017 http fetch GET 200 https://registry.npmjs.org/cliui/-/cliui-7.0.4.tgz 13059ms (cache miss)
2018 http fetch GET 200 https://registry.npmjs.org/minipass/-/minipass-3.3.6.tgz 13088ms (cache miss)
2019 http fetch GET 200 https://registry.npmjs.org/brace-expansion/-/brace-expansion-2.1.1.tgz 13064ms (cache miss)
2020 http fetch GET 200 https://registry.npmjs.org/supports-color/-/supports-color-8.1.1.tgz 13129ms (cache miss)
2021 http fetch GET 200 https://registry.npmjs.org/statuses/-/statuses-2.0.2.tgz 13128ms (cache miss)
2022 http fetch GET 200 https://registry.npmjs.org/string_decoder/-/string_decoder-1.1.1.tgz 13129ms (cache miss)
2023 http fetch GET 200 https://registry.npmjs.org/statuses/-/statuses-2.0.2.tgz 13120ms (cache miss)
2024 http fetch GET 200 https://registry.npmjs.org/on-finished/-/on-finished-2.3.0.tgz 13125ms (cache miss)
2025 http fetch GET 200 https://registry.npmjs.org/glob-parent/-/glob-parent-5.1.2.tgz 13173ms (cache miss)
2026 http fetch GET 200 https://registry.npmjs.org/ms/-/ms-2.0.0.tgz 13281ms (cache miss)
2027 http fetch GET 200 https://registry.npmjs.org/ms/-/ms-2.0.0.tgz 13283ms (cache miss)
2028 http fetch GET 200 https://registry.npmjs.org/ms/-/ms-2.0.0.tgz 13278ms (cache miss)
2029 http fetch GET 200 https://registry.npmjs.org/encodeurl/-/encodeurl-2.0.0.tgz 13363ms (cache miss)
2030 http fetch GET 200 https://registry.npmjs.org/finalhandler/-/finalhandler-1.3.2.tgz 13367ms (cache miss)
2031 http fetch GET 200 https://registry.npmjs.org/@jsonjoy.com/fs-node/-/fs-node-4.57.7.tgz 13644ms (cache miss)
2032 http fetch GET 200 https://registry.npmjs.org/estraverse/-/estraverse-5.3.0.tgz 13430ms (cache miss)
2033 http fetch GET 200 https://registry.npmjs.org/safe-buffer/-/safe-buffer-5.1.2.tgz 13593ms (cache miss)
2034 http fetch GET 200 https://registry.npmjs.org/which/-/which-2.0.2.tgz 13581ms (cache miss)
2035 http fetch GET 200 https://registry.npmjs.org/negotiator/-/negotiator-0.6.4.tgz 13583ms (cache miss)
2036 http fetch GET 200 https://registry.npmjs.org/wrap-ansi/-/wrap-ansi-7.0.0.tgz 13580ms (cache miss)
2037 http fetch GET 200 https://registry.npmjs.org/ms/-/ms-2.0.0.tgz 13581ms (cache miss)
2038 http fetch GET 200 https://registry.npmjs.org/string-width/-/string-width-4.2.3.tgz 13580ms (cache miss)
2039 http fetch GET 200 https://registry.npmjs.org/@babel/preset-env/-/preset-env-7.26.9.tgz 13838ms (cache miss)
2040 http fetch GET 200 https://registry.npmjs.org/strip-ansi/-/strip-ansi-6.0.1.tgz 13648ms (cache miss)
2041 http fetch GET 200 https://registry.npmjs.org/is-fullwidth-code-point/-/is-fullwidth-code-point-3.0.0.tgz 13648ms (cache miss)
2042 http fetch GET 200 https://registry.npmjs.org/semver/-/semver-6.3.1.tgz 13711ms (cache miss)
2043 http fetch GET 200 https://registry.npmjs.org/is-plain-object/-/is-plain-object-2.0.4.tgz 13682ms (cache miss)
2044 http fetch GET 200 https://registry.npmjs.org/emoji-regex/-/emoji-regex-8.0.0.tgz 13680ms (cache miss)
2045 http fetch GET 200 https://registry.npmjs.org/ansi-regex/-/ansi-regex-5.0.1.tgz 13680ms (cache miss)
2046 http fetch GET 200 https://registry.npmjs.org/glob-parent/-/glob-parent-5.1.2.tgz 13679ms (cache miss)
2047 http fetch GET 200 https://registry.npmjs.org/chownr/-/chownr-3.0.0.tgz 13669ms (cache miss)
2048 http fetch GET 200 https://registry.npmjs.org/brace-expansion/-/brace-expansion-2.1.1.tgz 13668ms (cache miss)
2049 http fetch GET 200 https://registry.npmjs.org/brace-expansion/-/brace-expansion-2.1.1.tgz 13654ms (cache miss)
2050 http fetch GET 200 https://registry.npmjs.org/@babel/helper-define-polyfill-provider/-/helper-define-polyfill-provider-0.6.8.tgz 13857ms (cache miss)
2051 http fetch GET 200 https://registry.npmjs.org/semver/-/semver-5.7.2.tgz 13762ms (cache miss)
2052 http fetch GET 200 https://registry.npmjs.org/loader-utils/-/loader-utils-2.0.4.tgz 13726ms (cache miss)
2053 http fetch GET 200 https://registry.npmjs.org/mime/-/mime-1.6.0.tgz 13905ms (cache miss)
2054 http fetch GET 200 https://registry.npmjs.org/negotiator/-/negotiator-0.6.3.tgz 13820ms (cache miss)
2055 http fetch GET 200 https://registry.npmjs.org/@types/send/-/send-0.17.6.tgz 13820ms (cache miss)
2056 http fetch GET 200 https://registry.npmjs.org/which/-/which-5.0.0.tgz 13811ms (cache miss)
2057 http fetch GET 200 https://registry.npmjs.org/which/-/which-5.0.0.tgz 13812ms (cache miss)
2058 http fetch GET 200 https://registry.npmjs.org/which/-/which-5.0.0.tgz 13806ms (cache miss)
2059 http fetch GET 200 https://registry.npmjs.org/isexe/-/isexe-3.1.5.tgz 13874ms (cache miss)
2060 http fetch GET 200 https://registry.npmjs.org/isexe/-/isexe-3.1.5.tgz 13876ms (cache miss)
2061 http fetch GET 200 https://registry.npmjs.org/brace-expansion/-/brace-expansion-2.1.1.tgz 13918ms (cache miss)
2062 http fetch GET 200 https://registry.npmjs.org/ms/-/ms-2.0.0.tgz 13921ms (cache miss)
2063 http fetch GET 200 https://registry.npmjs.org/mute-stream/-/mute-stream-1.0.0.tgz 13924ms (cache miss)
2064 http fetch GET 200 https://registry.npmjs.org/@angular/forms/-/forms-19.2.25.tgz 14119ms (cache miss)
2065 http fetch GET 200 https://registry.npmjs.org/ansi-styles/-/ansi-styles-6.2.3.tgz 13994ms (cache miss)
2066 http fetch GET 200 https://registry.npmjs.org/string-width/-/string-width-5.1.2.tgz 14056ms (cache miss)
2067 http fetch GET 200 https://registry.npmjs.org/wrap-ansi/-/wrap-ansi-8.1.0.tgz 14197ms (cache miss)
2068 http fetch GET 200 https://registry.npmjs.org/@babel/helper-annotate-as-pure/-/helper-annotate-as-pure-7.29.7.tgz 14191ms (cache miss)
2069 http fetch GET 200 https://registry.npmjs.org/@inquirer/type/-/type-1.5.5.tgz 14208ms (cache miss)
2070 http fetch GET 200 https://registry.npmjs.org/picomatch/-/picomatch-2.3.2.tgz 14314ms (cache miss)
2071 http fetch GET 200 https://registry.npmjs.org/@jsonjoy.com/json-pointer/-/json-pointer-17.67.0.tgz 14236ms (cache miss)
2072 http fetch GET 200 https://registry.npmjs.org/@auth0/angular-jwt/-/angular-jwt-5.2.0.tgz 14425ms (cache miss)
2073 http fetch GET 200 https://registry.npmjs.org/@jsonjoy.com/codegen/-/codegen-17.67.0.tgz 14259ms (cache miss)
2074 http fetch GET 200 https://registry.npmjs.org/convert-source-map/-/convert-source-map-2.0.0.tgz 14266ms (cache miss)
2075 http fetch GET 200 https://registry.npmjs.org/chokidar/-/chokidar-3.6.0.tgz 14357ms (cache miss)
2076 http fetch GET 200 https://registry.npmjs.org/@babel/helper-annotate-as-pure/-/helper-annotate-as-pure-7.29.7.tgz 14284ms (cache miss)
2077 http fetch GET 200 https://registry.npmjs.org/@babel/helper-annotate-as-pure/-/helper-annotate-as-pure-7.29.7.tgz 14287ms (cache miss)
2078 http fetch GET 200 https://registry.npmjs.org/@babel/helper-annotate-as-pure/-/helper-annotate-as-pure-7.29.7.tgz 14283ms (cache miss)
2079 http fetch GET 200 https://registry.npmjs.org/@babel/helper-annotate-as-pure/-/helper-annotate-as-pure-7.29.7.tgz 14284ms (cache miss)
2080 http fetch GET 200 https://registry.npmjs.org/semver/-/semver-6.3.1.tgz 14334ms (cache miss)
2081 http fetch GET 200 https://registry.npmjs.org/picomatch/-/picomatch-2.3.2.tgz 14386ms (cache miss)
2082 http fetch GET 200 https://registry.npmjs.org/mime/-/mime-1.6.0.tgz 14394ms (cache miss)
2083 http fetch GET 200 https://registry.npmjs.org/istanbul-lib-instrument/-/istanbul-lib-instrument-5.2.1.tgz 14403ms (cache miss)
2084 http fetch GET 200 https://registry.npmjs.org/convert-source-map/-/convert-source-map-2.0.0.tgz 14313ms (cache miss)
2085 http fetch GET 200 https://registry.npmjs.org/semver/-/semver-6.3.1.tgz 14362ms (cache miss)
2086 http fetch GET 200 https://registry.npmjs.org/ajv-formats/-/ajv-formats-2.1.1.tgz 14500ms (cache miss)
2087 http fetch GET 200 https://registry.npmjs.org/eventemitter3/-/eventemitter3-5.0.4.tgz 14487ms (cache miss)
2088 http fetch GET 200 https://registry.npmjs.org/semver/-/semver-6.3.1.tgz 14388ms (cache miss)
2089 http fetch GET 200 https://registry.npmjs.org/semver/-/semver-6.3.1.tgz 14396ms (cache miss)
2090 http fetch GET 200 https://registry.npmjs.org/yallist/-/yallist-5.0.0.tgz 14511ms (cache miss)
2091 http fetch GET 200 https://registry.npmjs.org/watchpack/-/watchpack-2.5.2.tgz 14554ms (cache miss)
2092 http fetch GET 200 https://registry.npmjs.org/yargs-parser/-/yargs-parser-20.2.9.tgz 14491ms (cache miss)
2093 http fetch GET 200 https://registry.npmjs.org/semver/-/semver-6.3.1.tgz 14409ms (cache miss)
2094 http fetch GET 200 https://registry.npmjs.org/semver/-/semver-6.3.1.tgz 14408ms (cache miss)
2095 http fetch GET 200 https://registry.npmjs.org/semver/-/semver-6.3.1.tgz 14413ms (cache miss)
2096 http fetch GET 200 https://registry.npmjs.org/semver/-/semver-6.3.1.tgz 14427ms (cache miss)
2097 http fetch GET 200 https://registry.npmjs.org/debug/-/debug-2.6.9.tgz 14574ms (cache miss)
2098 http fetch GET 200 https://registry.npmjs.org/@angular/platform-browser/-/platform-browser-19.2.25.tgz 14624ms (cache miss)
2099 http fetch GET 200 https://registry.npmjs.org/debug/-/debug-2.6.9.tgz 14605ms (cache miss)
2100 http fetch GET 200 https://registry.npmjs.org/picomatch/-/picomatch-2.3.2.tgz 14514ms (cache miss)
2101 http fetch GET 200 https://registry.npmjs.org/@angular/router/-/router-19.2.25.tgz 14686ms (cache miss)
2102 http fetch GET 200 https://registry.npmjs.org/resolve/-/resolve-1.22.10.tgz 15294ms (cache miss)
2103 http fetch GET 200 https://registry.npmjs.org/esbuild/-/esbuild-0.25.12.tgz 14542ms (cache miss)
2104 http fetch GET 200 https://registry.npmjs.org/@babel/parser/-/parser-7.29.7.tgz 14754ms (cache miss)
2105 http fetch GET 200 https://registry.npmjs.org/yallist/-/yallist-5.0.0.tgz 14673ms (cache miss)
2106 http fetch GET 200 https://registry.npmjs.org/debug/-/debug-2.6.9.tgz 14728ms (cache miss)
2107 http fetch GET 200 https://registry.npmjs.org/debug/-/debug-2.6.9.tgz 14755ms (cache miss)
2108 http fetch GET 200 https://registry.npmjs.org/debug/-/debug-2.6.9.tgz 14757ms (cache miss)
2109 http fetch GET 200 https://registry.npmjs.org/debug/-/debug-2.6.9.tgz 14765ms (cache miss)
2110 http fetch GET 200 https://registry.npmjs.org/emoji-regex/-/emoji-regex-9.2.2.tgz 14751ms (cache miss)
2111 http fetch GET 200 https://registry.npmjs.org/debug/-/debug-2.6.9.tgz 14772ms (cache miss)
2112 http fetch GET 200 https://registry.npmjs.org/sass/-/sass-1.85.0.tgz 15642ms (cache miss)
2113 http fetch GET 200 https://registry.npmjs.org/http-proxy-middleware/-/http-proxy-middleware-2.0.9.tgz 15052ms (cache miss)
2114 http fetch GET 200 https://registry.npmjs.org/neo-async/-/neo-async-2.6.2.tgz 15650ms (cache miss)
2115 http fetch GET 200 https://registry.npmjs.org/@babel/traverse/-/traverse-7.29.7.tgz 15253ms (cache miss)
2116 http fetch GET 200 https://registry.npmjs.org/readable-stream/-/readable-stream-2.3.8.tgz 15082ms (cache miss)
2117 http fetch GET 200 https://registry.npmjs.org/lru-cache/-/lru-cache-10.4.3.tgz 15154ms (cache miss)
2118 http fetch GET 200 https://registry.npmjs.org/node-addon-api/-/node-addon-api-7.1.1.tgz 15072ms (cache miss)
2119 http fetch GET 200 https://registry.npmjs.org/iconv-lite/-/iconv-lite-0.4.24.tgz 15208ms (cache miss)
2120 http fetch GET 200 https://registry.npmjs.org/source-map/-/source-map-0.6.1.tgz 15236ms (cache miss)
2121 http fetch GET 200 https://registry.npmjs.org/piscina/-/piscina-4.8.0.tgz 15917ms (cache miss)
2122 http fetch GET 200 https://registry.npmjs.org/source-map/-/source-map-0.6.1.tgz 15290ms (cache miss)
2123 http fetch GET 200 https://registry.npmjs.org/@inquirer/core/-/core-10.3.2.tgz 15435ms (cache miss)
2124 http fetch GET 200 https://registry.npmjs.org/lru-cache/-/lru-cache-10.4.3.tgz 15294ms (cache miss)
2125 http fetch GET 200 https://registry.npmjs.org/jasmine-core/-/jasmine-core-4.6.1.tgz 15343ms (cache miss)
2126 http fetch GET 200 https://registry.npmjs.org/@babel/generator/-/generator-7.26.10.tgz 15442ms (cache miss)
2127 http fetch GET 200 https://registry.npmjs.org/css-select/-/css-select-5.2.2.tgz 15701ms (cache miss)
2128 http fetch GET 200 https://registry.npmjs.org/source-map/-/source-map-0.6.1.tgz 15358ms (cache miss)
2129 http fetch GET 200 https://registry.npmjs.org/source-map/-/source-map-0.6.1.tgz 15351ms (cache miss)
2130 http fetch GET 200 https://registry.npmjs.org/lru-cache/-/lru-cache-10.4.3.tgz 15322ms (cache miss)
2131 http fetch GET 200 https://registry.npmjs.org/lru-cache/-/lru-cache-10.4.3.tgz 15287ms (cache miss)
2132 http fetch GET 200 https://registry.npmjs.org/lru-cache/-/lru-cache-10.4.3.tgz 15300ms (cache miss)
2133 http fetch GET 200 https://registry.npmjs.org/iconv-lite/-/iconv-lite-0.4.24.tgz 15333ms (cache miss)
2134 http fetch GET 200 https://registry.npmjs.org/source-map/-/source-map-0.6.1.tgz 15375ms (cache miss)
2135 http fetch GET 200 https://registry.npmjs.org/iconv-lite/-/iconv-lite-0.6.3.tgz 15481ms (cache miss)
2136 http fetch GET 200 https://registry.npmjs.org/iconv-lite/-/iconv-lite-0.6.3.tgz 15501ms (cache miss)
2137 http fetch GET 200 https://registry.npmjs.org/isexe/-/isexe-3.1.5.tgz 15539ms (cache miss)
2138 http fetch GET 200 https://registry.npmjs.org/node-gyp/-/node-gyp-11.5.0.tgz 16152ms (cache miss)
2139 http fetch GET 200 https://registry.npmjs.org/iconv-lite/-/iconv-lite-0.6.3.tgz 15546ms (cache miss)
2140 http fetch GET 200 https://registry.npmjs.org/isexe/-/isexe-3.1.5.tgz 15573ms (cache miss)
2141 http fetch GET 200 https://registry.npmjs.org/@types/node/-/node-25.9.3.tgz 16154ms (cache miss)
2142 http fetch GET 200 https://registry.npmjs.org/@babel/generator/-/generator-7.29.7.tgz 16009ms (cache miss)
2143 http fetch GET 200 https://registry.npmjs.org/@jsonjoy.com/base64/-/base64-17.67.0.tgz 16031ms (cache miss)
2144 http fetch GET 200 https://registry.npmjs.org/@angular/compiler/-/compiler-19.2.25.tgz 16227ms (cache miss)
2145 http fetch GET 200 https://registry.npmjs.org/minimatch/-/minimatch-9.0.9.tgz 16138ms (cache miss)
2146 http fetch GET 200 https://registry.npmjs.org/yargs/-/yargs-16.2.0.tgz 16172ms (cache miss)
2147 http fetch GET 200 https://registry.npmjs.org/minimatch/-/minimatch-9.0.9.tgz 16183ms (cache miss)
2148 http fetch GET 200 https://registry.npmjs.org/minimatch/-/minimatch-9.0.9.tgz 16232ms (cache miss)
2149 http fetch GET 200 https://registry.npmjs.org/minimatch/-/minimatch-9.0.9.tgz 16241ms (cache miss)
2150 http fetch GET 200 https://registry.npmjs.org/@angular-devkit/architect/-/architect-0.1902.27.tgz 16554ms (cache miss)
2151 http fetch GET 200 https://registry.npmjs.org/ajv-keywords/-/ajv-keywords-5.1.0.tgz 16889ms (cache miss)
2152 http fetch GET 200 https://registry.npmjs.org/glob/-/glob-10.5.0.tgz 16591ms (cache miss)
2153 http fetch GET 200 https://registry.npmjs.org/glob/-/glob-10.5.0.tgz 16602ms (cache miss)
2154 http fetch GET 200 https://registry.npmjs.org/lmdb/-/lmdb-3.2.6.tgz 17256ms (cache miss)
2155 warn deprecated glob@10.5.0: Old versions of glob are not supported, and contain widely publicized security vulnerabilities, which have been fixed in the current version. Please update. Support for old versions may be purchased (at exorbitant rates) by contacting i@izs.me
2156 warn deprecated glob@10.5.0: Old versions of glob are not supported, and contain widely publicized security vulnerabilities, which have been fixed in the current version. Please update. Support for old versions may be purchased (at exorbitant rates) by contacting i@izs.me
2157 http fetch GET 200 https://registry.npmjs.org/vite/-/vite-6.4.2.tgz 17290ms (cache miss)
2158 http fetch GET 200 https://registry.npmjs.org/entities/-/entities-6.0.1.tgz 17847ms (cache miss)
2159 http fetch GET 200 https://registry.npmjs.org/@jsonjoy.com/buffers/-/buffers-17.67.0.tgz 18033ms (cache miss)
2160 http fetch GET 200 https://registry.npmjs.org/@angular-devkit/core/-/core-19.2.27.tgz 18756ms (cache miss)
2161 http fetch GET 200 https://registry.npmjs.org/@babel/core/-/core-7.26.10.tgz 19099ms (cache miss)
2162 http fetch GET 200 https://registry.npmjs.org/entities/-/entities-7.0.1.tgz 19079ms (cache miss)
2163 http fetch GET 200 https://registry.npmjs.org/@angular-devkit/schematics/-/schematics-19.2.27.tgz 19286ms (cache miss)
2164 http fetch GET 200 https://registry.npmjs.org/@jsonjoy.com/util/-/util-17.67.0.tgz 19139ms (cache miss)
2165 http fetch GET 200 https://registry.npmjs.org/resolve/-/resolve-1.22.12.tgz 19361ms (cache miss)
2166 http fetch GET 200 https://registry.npmjs.org/@babel/core/-/core-7.26.9.tgz 26370ms (cache miss)
2167 http fetch GET 200 https://registry.npmjs.org/@jsonjoy.com/buffers/-/buffers-1.2.1.tgz 26705ms (cache miss)
2168 http fetch GET 200 https://registry.npmjs.org/@jsonjoy.com/buffers/-/buffers-1.2.1.tgz 26745ms (cache miss)
2169 http fetch GET 200 https://registry.npmjs.org/@esbuild/win32-x64/-/win32-x64-0.28.0.tgz 27511ms (cache miss)
2170 http fetch GET 200 https://registry.npmjs.org/esbuild-wasm/-/esbuild-wasm-0.28.0.tgz 27767ms (cache miss)
2171 http fetch GET 200 https://registry.npmjs.org/@jsonjoy.com/util/-/util-1.9.0.tgz 27573ms (cache miss)
2172 http fetch GET 200 https://registry.npmjs.org/@angular/cli/-/cli-19.2.27.tgz 27731ms (cache miss)
2173 http fetch GET 200 https://registry.npmjs.org/@babel/types/-/types-7.29.7.tgz 28248ms (cache miss)
2174 http fetch GET 200 https://registry.npmjs.org/@esbuild/win32-x64/-/win32-x64-0.25.12.tgz 28163ms (cache miss)
2175 http fetch GET 200 https://registry.npmjs.org/@babel/runtime/-/runtime-7.26.10.tgz 28274ms (cache miss)
2176 http fetch GET 200 https://registry.npmjs.org/@esbuild/win32-x64/-/win32-x64-0.25.12.tgz 28121ms (cache miss)
2177 http fetch GET 200 https://registry.npmjs.org/@angular/core/-/core-19.2.25.tgz 28736ms (cache miss)
2178 http fetch GET 200 https://registry.npmjs.org/@popperjs/core/-/core-2.11.8.tgz 28885ms (cache miss)
2179 http fetch GET 200 https://registry.npmjs.org/@babel/helpers/-/helpers-7.29.7.tgz 28802ms (cache miss)
2180 http fetch GET 200 https://registry.npmjs.org/tar/-/tar-7.5.16.tgz 29319ms (cache miss)
2181 http fetch GET 200 https://registry.npmjs.org/tar/-/tar-7.5.16.tgz 29326ms (cache miss)
2182 http fetch GET 200 https://registry.npmjs.org/bootstrap/-/bootstrap-5.3.8.tgz 29761ms (cache miss)
2183 http fetch GET 200 https://registry.npmjs.org/@angular-devkit/build-angular/-/build-angular-19.2.27.tgz 29901ms (cache miss)
2184 http fetch GET 200 https://registry.npmjs.org/less/-/less-4.2.2.tgz 30562ms (cache miss)
2185 http fetch GET 200 https://registry.npmjs.org/regenerate-unicode-properties/-/regenerate-unicode-properties-10.2.2.tgz 30894ms (cache miss)
2186 http fetch GET 200 https://registry.npmjs.org/@angular/build/-/build-19.2.27.tgz 30395ms (cache miss)
2187 http fetch GET 200 https://registry.npmjs.org/@schematics/angular/-/angular-19.2.27.tgz 30653ms (cache miss)
2188 http fetch GET 200 https://registry.npmjs.org/typescript/-/typescript-5.7.3.tgz 31296ms (cache miss)
2189 http fetch GET 200 https://registry.npmjs.org/ajv/-/ajv-8.18.0.tgz 30893ms (cache miss)
2190 http fetch GET 200 https://registry.npmjs.org/@jsonjoy.com/json-pack/-/json-pack-1.21.0.tgz 31206ms (cache miss)
2191 http fetch GET 200 https://registry.npmjs.org/@angular/compiler-cli/-/compiler-cli-19.2.25.tgz 31452ms (cache miss)
2192 http fetch GET 200 https://registry.npmjs.org/@jsonjoy.com/json-pack/-/json-pack-17.67.0.tgz 31354ms (cache miss)
2193 http fetch GET 200 https://registry.npmjs.org/webpack/-/webpack-5.105.0.tgz 33611ms (cache miss)
2194 http fetch GET 200 https://registry.npmjs.org/caniuse-lite/-/caniuse-lite-1.0.30001799.tgz 33921ms (cache miss)
2195 http fetch GET 200 https://registry.npmjs.org/lodash/-/lodash-4.18.1.tgz 34781ms (cache miss)
2196 http fetch GET 200 https://registry.npmjs.org/rxjs/-/rxjs-7.8.2.tgz 42379ms (cache miss)
2197 http fetch GET 200 https://registry.npmjs.org/rxjs/-/rxjs-7.8.1.tgz 41964ms (cache miss)
2198 http fetch GET 200 https://registry.npmjs.org/rxjs/-/rxjs-7.8.1.tgz 41983ms (cache miss)
2199 http fetch GET 200 https://registry.npmjs.org/rxjs/-/rxjs-7.8.1.tgz 41994ms (cache miss)
2200 http fetch GET 200 https://registry.npmjs.org/rxjs/-/rxjs-7.8.1.tgz 42004ms (cache miss)
2201 http fetch GET 200 https://registry.npmjs.org/rxjs/-/rxjs-7.8.1.tgz 41995ms (cache miss)
2202 http fetch GET 200 https://registry.npmjs.org/@angular/common/-/common-19.2.25.tgz 44955ms (cache miss)
2203 info run @parcel/watcher@2.5.6 install node_modules/@parcel/watcher node scripts/build-from-source.js
2204 info run lmdb@3.2.6 install node_modules/lmdb node-gyp-build-optional-packages
2205 info run msgpackr-extract@3.0.4 install node_modules/msgpackr-extract node-gyp-build-optional-packages
2206 info run @parcel/watcher@2.5.6 install { code: 0, signal: null }
2207 info run msgpackr-extract@3.0.4 install { code: 0, signal: null }
2208 info run lmdb@3.2.6 install { code: 0, signal: null }
2209 info run esbuild@0.28.0 postinstall node_modules/esbuild node install.js
2210 info run esbuild@0.25.12 postinstall node_modules/vite/node_modules/esbuild node install.js
2211 info run esbuild@0.25.12 postinstall node_modules/@angular/build/node_modules/vite/node_modules/esbuild node install.js
2212 info run esbuild@0.25.12 postinstall { code: 0, signal: null }
2213 info run esbuild@0.25.12 postinstall { code: 0, signal: null }
2214 info run esbuild@0.28.0 postinstall { code: 0, signal: null }
2215 silly ADD node_modules/zone.js
2216 silly ADD node_modules/yoctocolors-cjs
2217 silly ADD node_modules/yocto-queue
2218 silly ADD node_modules/yargs-parser
2219 silly ADD node_modules/yargs
2220 silly ADD node_modules/yargs/node_modules/strip-ansi
2221 silly ADD node_modules/yargs/node_modules/string-width
2222 silly ADD node_modules/yargs/node_modules/is-fullwidth-code-point
2223 silly ADD node_modules/yargs/node_modules/emoji-regex
2224 silly ADD node_modules/yargs/node_modules/ansi-regex
2225 silly ADD node_modules/yallist
2226 silly ADD node_modules/y18n
2227 silly ADD node_modules/ws
2228 silly ADD node_modules/wrappy
2229 silly ADD node_modules/wrap-ansi-cjs
2230 silly ADD node_modules/wrap-ansi-cjs/node_modules/strip-ansi
2231 silly ADD node_modules/wrap-ansi-cjs/node_modules/string-width
2232 silly ADD node_modules/wrap-ansi-cjs/node_modules/is-fullwidth-code-point
2233 silly ADD node_modules/wrap-ansi-cjs/node_modules/emoji-regex
2234 silly ADD node_modules/wrap-ansi-cjs/node_modules/ansi-regex
2235 silly ADD node_modules/wrap-ansi
2236 silly ADD node_modules/wrap-ansi/node_modules/strip-ansi
2237 silly ADD node_modules/wrap-ansi/node_modules/string-width
2238 silly ADD node_modules/wrap-ansi/node_modules/is-fullwidth-code-point
2239 silly ADD node_modules/wrap-ansi/node_modules/emoji-regex
2240 silly ADD node_modules/wrap-ansi/node_modules/ansi-regex
2241 silly ADD node_modules/wildcard
2242 silly ADD node_modules/which
2243 silly ADD node_modules/websocket-extensions
2244 silly ADD node_modules/websocket-driver
2245 silly ADD node_modules/webpack-subresource-integrity
2246 silly ADD node_modules/webpack-sources
2247 silly ADD node_modules/webpack-merge
2248 silly ADD node_modules/webpack-dev-server
2249 silly ADD node_modules/webpack-dev-server/node_modules/readdirp
2250 silly ADD node_modules/webpack-dev-server/node_modules/picomatch
2251 silly ADD node_modules/webpack-dev-server/node_modules/http-proxy-middleware
2252 silly ADD node_modules/webpack-dev-server/node_modules/glob-parent
2253 silly ADD node_modules/webpack-dev-server/node_modules/chokidar
2254 silly ADD node_modules/webpack-dev-middleware
2255 silly ADD node_modules/webpack
2256 silly ADD node_modules/webpack/node_modules/watchpack
2257 silly ADD node_modules/webpack/node_modules/json-parse-even-better-errors
2258 silly ADD node_modules/weak-lru-cache
2259 silly ADD node_modules/wcwidth
2260 silly ADD node_modules/wbuf
2261 silly ADD node_modules/watchpack
2262 silly ADD node_modules/void-elements
2263 silly ADD node_modules/vite
2264 silly ADD node_modules/vite/node_modules/esbuild
2265 silly ADD node_modules/vite/node_modules/@esbuild/win32-x64
2266 silly ADD
2267 silly ADD
2268 silly ADD
2269 silly ADD
2270 silly ADD
2271 silly ADD
2272 silly ADD
2273 silly ADD
2274 silly ADD
2275 silly ADD
2276 silly ADD
2277 silly ADD
2278 silly ADD
2279 silly ADD
2280 silly ADD
2281 silly ADD
2282 silly ADD
2283 silly ADD
2284 silly ADD
2285 silly ADD
2286 silly ADD
2287 silly ADD
2288 silly ADD
2289 silly ADD
2290 silly ADD
2291 silly ADD node_modules/vary
2292 silly ADD node_modules/validate-npm-package-name
2293 silly ADD node_modules/validate-npm-package-license
2294 silly ADD node_modules/uuid
2295 silly ADD node_modules/utils-merge
2296 silly ADD node_modules/util-deprecate
2297 silly ADD node_modules/update-browserslist-db
2298 silly ADD node_modules/unpipe
2299 silly ADD node_modules/universalify
2300 silly ADD node_modules/unique-slug
2301 silly ADD node_modules/unique-filename
2302 silly ADD node_modules/unicorn-magic
2303 silly ADD node_modules/unicode-property-aliases-ecmascript
2304 silly ADD node_modules/unicode-match-property-value-ecmascript
2305 silly ADD node_modules/unicode-match-property-ecmascript
2306 silly ADD node_modules/unicode-canonical-property-names-ecmascript
2307 silly ADD node_modules/undici-types
2308 silly ADD node_modules/ua-parser-js
2309 silly ADD node_modules/typescript
2310 silly ADD node_modules/typed-assert
2311 silly ADD node_modules/type-is
2312 silly ADD node_modules/tuf-js
2313 silly ADD node_modules/tslib
2314 silly ADD node_modules/tree-kill
2315 silly ADD node_modules/tree-dump
2316 silly ADD node_modules/toidentifier
2317 silly ADD node_modules/to-regex-range
2318 silly ADD node_modules/tmp
2319 silly ADD node_modules/tinyglobby
2320 silly ADD node_modules/thunky
2321 silly ADD node_modules/thingies
2322 silly ADD node_modules/terser-webpack-plugin
2323 silly ADD node_modules/terser
2324 silly ADD node_modules/tar
2325 silly ADD node_modules/tar/node_modules/yallist
2326 silly ADD node_modules/tar/node_modules/mkdirp
2327 silly ADD node_modules/tar/node_modules/minizlib
2328 silly ADD node_modules/tar/node_modules/minizlib/node_modules/minipass
2329 silly ADD node_modules/tar/node_modules/minipass
2330 silly ADD node_modules/tar/node_modules/fs-minipass
2331 silly ADD node_modules/tar/node_modules/fs-minipass/node_modules/minipass
2332 silly ADD node_modules/tapable
2333 silly ADD node_modules/symbol-observable
2334 silly ADD node_modules/supports-preserve-symlinks-flag
2335 silly ADD node_modules/supports-color
2336 silly ADD node_modules/strip-ansi-cjs
2337 silly ADD node_modules/strip-ansi-cjs/node_modules/ansi-regex
2338 silly ADD node_modules/strip-ansi
2339 silly ADD node_modules/string-width-cjs
2340 silly ADD node_modules/string-width-cjs/node_modules/strip-ansi
2341 silly ADD node_modules/string-width-cjs/node_modules/is-fullwidth-code-point
2342 silly ADD node_modules/string-width-cjs/node_modules/emoji-regex
2343 silly ADD node_modules/string-width-cjs/node_modules/ansi-regex
2344 silly ADD node_modules/string-width
2345 silly ADD node_modules/string_decoder
2346 silly ADD node_modules/streamroller
2347 silly ADD node_modules/statuses
2348 silly ADD node_modules/ssri
2349 silly ADD node_modules/spdy-transport
2350 silly ADD node_modules/spdy
2351 silly ADD node_modules/spdx-license-ids
2352 silly ADD node_modules/spdx-expression-parse
2353 silly ADD node_modules/spdx-exceptions
2354 silly ADD node_modules/spdx-correct
2355 silly ADD node_modules/source-map-support
2356 silly ADD node_modules/source-map-support/node_modules/source-map
2357 silly ADD node_modules/source-map-loader
2358 silly ADD node_modules/source-map-loader/node_modules/iconv-lite
2359 silly ADD node_modules/source-map-js
2360 silly ADD node_modules/source-map
2361 silly ADD node_modules/socks-proxy-agent
2362 silly ADD node_modules/socks
2363 silly ADD node_modules/sockjs
2364 silly ADD node_modules/socket.io-parser
2365 silly ADD node_modules/socket.io-adapter
2366 silly ADD node_modules/socket.io
2367 silly ADD node_modules/smart-buffer
2368 silly ADD node_modules/slice-ansi
2369 silly ADD node_modules/slice-ansi/node_modules/ansi-styles
2370 silly ADD node_modules/slash
2371 silly ADD node_modules/sigstore
2372 silly ADD node_modules/signal-exit
2373 silly ADD node_modules/side-channel-weakmap
2374 silly ADD node_modules/side-channel-map
2375 silly ADD node_modules/side-channel-list
2376 silly ADD node_modules/side-channel
2377 silly ADD node_modules/shell-quote
2378 silly ADD node_modules/shebang-regex
2379 silly ADD node_modules/shebang-command
2380 silly ADD node_modules/shallow-clone
2381 silly ADD node_modules/setprototypeof
2382 silly ADD node_modules/serve-static
2383 silly ADD node_modules/serve-static/node_modules/encodeurl
2384 silly ADD node_modules/serve-index
2385 silly ADD node_modules/serve-index/node_modules/ms
2386 silly ADD node_modules/serve-index/node_modules/http-errors
2387 silly ADD node_modules/serve-index/node_modules/depd
2388 silly ADD node_modules/serve-index/node_modules/debug
2389 silly ADD node_modules/serialize-javascript
2390 silly ADD node_modules/send
2391 silly ADD node_modules/send/node_modules/statuses
2392 silly ADD node_modules/send/node_modules/mime
2393 silly ADD node_modules/send/node_modules/encodeurl
2394 silly ADD node_modules/send/node_modules/debug
2395 silly ADD node_modules/send/node_modules/debug/node_modules/ms
2396 silly ADD node_modules/semver
2397 silly ADD node_modules/selfsigned
2398 silly ADD node_modules/select-hose
2399 silly ADD node_modules/schema-utils
2400 silly ADD node_modules/schema-utils/node_modules/ajv-formats
2401 silly ADD node_modules/sax
2402 silly ADD node_modules/sass-loader
2403 silly ADD node_modules/sass
2404 silly ADD node_modules/safer-buffer
2405 silly ADD node_modules/safe-regex-test
2406 silly ADD node_modules/safe-buffer
2407 silly ADD node_modules/rxjs
2408 silly ADD node_modules/run-parallel
2409 silly ADD node_modules/run-applescript
2410 silly ADD node_modules/rollup
2411 silly ADD node_modules/rimraf
2412 silly ADD node_modules/rfdc
2413 silly ADD node_modules/reusify
2414 silly ADD node_modules/retry
2415 silly ADD node_modules/restore-cursor
2416 silly ADD node_modules/resolve-url-loader
2417 silly ADD node_modules/resolve-url-loader/node_modules/source-map
2418 silly ADD node_modules/resolve-url-loader/node_modules/loader-utils
2419 silly ADD node_modules/resolve-from
2420 silly ADD node_modules/resolve
2421 silly ADD node_modules/requires-port
2422 silly ADD node_modules/require-from-string
2423 silly ADD node_modules/require-directory
2424 silly ADD node_modules/regjsparser
2425 silly ADD node_modules/regjsgen
2426 silly ADD node_modules/regexpu-core
2427 silly ADD node_modules/regex-parser
2428 silly ADD node_modules/regenerator-runtime
2429 silly ADD node_modules/regenerate-unicode-properties
2430 silly ADD node_modules/regenerate
2431 silly ADD node_modules/reflect-metadata
2432 silly ADD node_modules/readdirp
2433 silly ADD node_modules/readable-stream
2434 silly ADD node_modules/raw-body
2435 silly ADD node_modules/raw-body/node_modules/iconv-lite
2436 silly ADD node_modules/range-parser
2437 silly ADD node_modules/randombytes
2438 silly ADD node_modules/queue-microtask
2439 silly ADD node_modules/qs
2440 silly ADD node_modules/qjobs
2441 silly ADD node_modules/punycode
2442 silly ADD node_modules/prr
2443 silly ADD node_modules/proxy-addr
2444 silly ADD node_modules/proxy-addr/node_modules/ipaddr.js
2445 silly ADD node_modules/promise-retry
2446 silly ADD node_modules/process-nextick-args
2447 silly ADD node_modules/proc-log
2448 silly ADD node_modules/postcss-value-parser
2449 silly ADD node_modules/postcss-selector-parser
2450 silly ADD node_modules/postcss-modules-values
2451 silly ADD node_modules/postcss-modules-scope
2452 silly ADD node_modules/postcss-modules-local-by-default
2453 silly ADD node_modules/postcss-modules-extract-imports
2454 silly ADD node_modules/postcss-media-query-parser
2455 silly ADD node_modules/postcss-loader
2456 silly ADD node_modules/postcss
2457 silly ADD node_modules/pkg-dir
2458 silly ADD node_modules/piscina
2459 silly ADD node_modules/pify
2460 silly ADD node_modules/picomatch
2461 silly ADD node_modules/picocolors
2462 silly ADD node_modules/path-type
2463 silly ADD node_modules/path-to-regexp
2464 silly ADD node_modules/path-scurry
2465 silly ADD node_modules/path-scurry/node_modules/lru-cache
2466 silly ADD node_modules/path-parse
2467 silly ADD node_modules/path-key
2468 silly ADD node_modules/path-is-absolute
2469 silly ADD node_modules/path-exists
2470 silly ADD node_modules/parseurl
2471 silly ADD node_modules/parse5-sax-parser
2472 silly ADD node_modules/parse5-html-rewriting-stream
2473 silly ADD node_modules/parse5
2474 silly ADD node_modules/parse5/node_modules/entities
2475 silly ADD node_modules/parse-node-version
2476 silly ADD node_modules/parse-json
2477 silly ADD node_modules/parse-json/node_modules/json-parse-even-better-errors
2478 silly ADD node_modules/parent-module
2479 silly ADD node_modules/pacote
2480 silly ADD node_modules/package-json-from-dist
2481 silly ADD node_modules/p-retry
2482 silly ADD node_modules/p-retry/node_modules/retry
2483 silly ADD node_modules/p-map
2484 silly ADD node_modules/p-locate
2485 silly ADD node_modules/p-limit
2486 silly ADD node_modules/ordered-binary
2487 silly ADD node_modules/ora
2488 silly ADD node_modules/ora/node_modules/strip-ansi
2489 silly ADD node_modules/ora/node_modules/signal-exit
2490 silly ADD node_modules/ora/node_modules/restore-cursor
2491 silly ADD node_modules/ora/node_modules/onetime
2492 silly ADD node_modules/ora/node_modules/cli-cursor
2493 silly ADD node_modules/ora/node_modules/ansi-regex
2494 silly ADD node_modules/open
2495 silly ADD node_modules/onetime
2496 silly ADD node_modules/once
2497 silly ADD node_modules/on-headers
2498 silly ADD node_modules/on-finished
2499 silly ADD node_modules/obuf
2500 silly ADD node_modules/object-inspect
2501 silly ADD node_modules/object-assign
2502 silly ADD node_modules/nth-check
2503 silly ADD node_modules/npm-registry-fetch
2504 silly ADD node_modules/npm-pick-manifest
2505 silly ADD node_modules/npm-packlist
2506 silly ADD node_modules/npm-package-arg
2507 silly ADD node_modules/npm-normalize-package-bin
2508 silly ADD node_modules/npm-install-checks
2509 silly ADD node_modules/npm-bundled
2510 silly ADD node_modules/normalize-range
2511 silly ADD node_modules/normalize-path
2512 silly ADD node_modules/nopt
2513 silly ADD node_modules/node-releases
2514 silly ADD node_modules/node-gyp-build-optional-packages
2515 silly ADD node_modules/node-gyp
2516 silly ADD node_modules/node-gyp/node_modules/yallist
2517 silly ADD node_modules/node-gyp/node_modules/which
2518 silly ADD node_modules/node-gyp/node_modules/tar
2519 silly ADD node_modules/node-gyp/node_modules/isexe
2520 silly ADD node_modules/node-gyp/node_modules/chownr
2521 silly ADD node_modules/node-forge
2522 silly ADD node_modules/node-addon-api
2523 silly ADD node_modules/neo-async
2524 silly ADD node_modules/negotiator
2525 silly ADD node_modules/needle
2526 silly ADD node_modules/needle/node_modules/iconv-lite
2527 silly ADD node_modules/nanoid
2528 silly ADD node_modules/mute-stream
2529 silly ADD node_modules/multicast-dns
2530 silly ADD node_modules/msgpackr-extract
2531 silly ADD node_modules/msgpackr
2532 silly ADD node_modules/ms
2533 silly ADD node_modules/mrmime
2534 silly ADD node_modules/mkdirp
2535 silly ADD node_modules/minizlib
2536 silly ADD node_modules/minipass-sized
2537 silly ADD node_modules/minipass-sized/node_modules/yallist
2538 silly ADD node_modules/minipass-sized/node_modules/minipass
2539 silly ADD node_modules/minipass-pipeline
2540 silly ADD node_modules/minipass-pipeline/node_modules/yallist
2541 silly ADD node_modules/minipass-pipeline/node_modules/minipass
2542 silly ADD node_modules/minipass-flush
2543 silly ADD node_modules/minipass-flush/node_modules/yallist
2544 silly ADD node_modules/minipass-flush/node_modules/minipass
2545 silly ADD node_modules/minipass-fetch
2546 silly ADD node_modules/minipass-collect
2547 silly ADD node_modules/minipass
2548 silly ADD node_modules/minimist
2549 silly ADD node_modules/minimatch
2550 silly ADD node_modules/minimalistic-assert
2551 silly ADD node_modules/mini-css-extract-plugin
2552 silly ADD node_modules/mimic-function
2553 silly ADD node_modules/mimic-fn
2554 silly ADD node_modules/mime-types
2555 silly ADD node_modules/mime-db
2556 silly ADD node_modules/mime
2557 silly ADD node_modules/micromatch
2558 silly ADD node_modules/micromatch/node_modules/picomatch
2559 silly ADD node_modules/methods
2560 silly ADD node_modules/merge2
2561 silly ADD node_modules/merge-stream
2562 silly ADD node_modules/merge-descriptors
2563 silly ADD node_modules/memfs
2564 silly ADD node_modules/media-typer
2565 silly ADD node_modules/math-intrinsics
2566 silly ADD node_modules/make-fetch-happen
2567 silly ADD node_modules/make-dir
2568 silly ADD node_modules/magic-string
2569 silly ADD node_modules/lru-cache
2570 silly ADD node_modules/log4js
2571 silly ADD node_modules/log-update
2572 silly ADD node_modules/log-update/node_modules/wrap-ansi
2573 silly ADD node_modules/log-update/node_modules/slice-ansi
2574 silly ADD node_modules/log-update/node_modules/is-fullwidth-code-point
2575 silly ADD node_modules/log-update/node_modules/ansi-styles
2576 silly ADD node_modules/log-symbols
2577 silly ADD node_modules/lodash.debounce
2578 silly ADD node_modules/lodash
2579 silly ADD node_modules/locate-path
2580 silly ADD node_modules/loader-utils
2581 silly ADD node_modules/loader-runner
2582 silly ADD node_modules/lmdb
2583 silly ADD node_modules/listr2
2584 silly ADD node_modules/listr2/node_modules/wrap-ansi
2585 silly ADD node_modules/listr2/node_modules/eventemitter3
2586 silly ADD node_modules/listr2/node_modules/ansi-styles
2587 silly ADD node_modules/lines-and-columns
2588 silly ADD node_modules/license-webpack-plugin
2589 silly ADD node_modules/less-loader
2590 silly ADD node_modules/less
2591 silly ADD node_modules/less/node_modules/source-map
2592 silly ADD node_modules/less/node_modules/semver
2593 silly ADD node_modules/less/node_modules/mime
2594 silly ADD node_modules/less/node_modules/make-dir
2595 silly ADD node_modules/launch-editor
2596 silly ADD node_modules/kind-of
2597 silly ADD node_modules/karma-source-map-support
2598 silly ADD node_modules/karma-jasmine-html-reporter
2599 silly ADD node_modules/karma-jasmine
2600 silly ADD node_modules/karma-jasmine/node_modules/jasmine-core
2601 silly ADD node_modules/karma-coverage
2602 silly ADD node_modules/karma-coverage/node_modules/semver
2603 silly ADD node_modules/karma-coverage/node_modules/istanbul-lib-instrument
2604 silly ADD node_modules/karma-chrome-launcher
2605 silly ADD node_modules/karma
2606 silly ADD node_modules/karma/node_modules/yargs-parser
2607 silly ADD node_modules/karma/node_modules/yargs
2608 silly ADD node_modules/karma/node_modules/wrap-ansi
2609 silly ADD node_modules/karma/node_modules/strip-ansi
2610 silly ADD node_modules/karma/node_modules/string-width
2611 silly ADD node_modules/karma/node_modules/source-map
2612 silly ADD node_modules/karma/node_modules/readdirp
2613 silly ADD node_modules/karma/node_modules/picomatch
2614 silly ADD node_modules/karma/node_modules/is-fullwidth-code-point
2615 silly ADD node_modules/karma/node_modules/glob-parent
2616 silly ADD node_modules/karma/node_modules/emoji-regex
2617 silly ADD node_modules/karma/node_modules/cliui
2618 silly ADD node_modules/karma/node_modules/chokidar
2619 silly ADD node_modules/karma/node_modules/ansi-regex
2620 silly ADD node_modules/jsonparse
2621 silly ADD node_modules/jsonfile
2622 silly ADD node_modules/jsonc-parser
2623 silly ADD node_modules/json5
2624 silly ADD node_modules/json-schema-traverse
2625 silly ADD node_modules/json-parse-even-better-errors
2626 silly ADD node_modules/jsesc
2627 silly ADD node_modules/js-yaml
2628 silly ADD node_modules/js-tokens
2629 silly ADD node_modules/jiti
2630 silly ADD node_modules/jest-worker
2631 silly ADD node_modules/jest-worker/node_modules/supports-color
2632 silly ADD node_modules/jasmine-core
2633 silly ADD node_modules/jackspeak
2634 silly ADD node_modules/istanbul-reports
2635 silly ADD node_modules/istanbul-lib-source-maps
2636 silly ADD node_modules/istanbul-lib-source-maps/node_modules/source-map
2637 silly ADD node_modules/istanbul-lib-report
2638 silly ADD node_modules/istanbul-lib-instrument
2639 silly ADD node_modules/istanbul-lib-coverage
2640 silly ADD node_modules/isobject
2641 silly ADD node_modules/isexe
2642 silly ADD node_modules/isbinaryfile
2643 silly ADD node_modules/isarray
2644 silly ADD node_modules/is-wsl
2645 silly ADD node_modules/is-what
2646 silly ADD node_modules/is-unicode-supported
2647 silly ADD node_modules/is-regex
2648 silly ADD node_modules/is-plain-object
2649 silly ADD node_modules/is-plain-obj
2650 silly ADD node_modules/is-number
2651 silly ADD node_modules/is-network-error
2652 silly ADD node_modules/is-interactive
2653 silly ADD node_modules/is-inside-container
2654 silly ADD node_modules/is-glob
2655 silly ADD node_modules/is-fullwidth-code-point
2656 silly ADD node_modules/is-extglob
2657 silly ADD node_modules/is-docker
2658 silly ADD node_modules/is-core-module
2659 silly ADD node_modules/is-binary-path
2660 silly ADD node_modules/is-arrayish
2661 silly ADD node_modules/ipaddr.js
2662 silly ADD node_modules/ip-address
2663 silly ADD node_modules/ini
2664 silly ADD node_modules/inherits
2665 silly ADD node_modules/inflight
2666 silly ADD node_modules/imurmurhash
2667 silly ADD node_modules/import-fresh
2668 silly ADD node_modules/immutable
2669 silly ADD node_modules/image-size
2670 silly ADD node_modules/ignore-walk
2671 silly ADD node_modules/ignore-walk/node_modules/minimatch
2672 silly ADD node_modules/ignore-walk/node_modules/brace-expansion
2673 silly ADD node_modules/ignore
2674 silly ADD node_modules/ieee754
2675 silly ADD node_modules/icss-utils
2676 silly ADD node_modules/iconv-lite
2677 silly ADD node_modules/hyperdyperid
2678 silly ADD node_modules/https-proxy-agent
2679 silly ADD node_modules/http-proxy-middleware
2680 silly ADD node_modules/http-proxy-agent
2681 silly ADD node_modules/http-proxy
2682 silly ADD node_modules/http-parser-js
2683 silly ADD node_modules/http-errors
2684 silly ADD node_modules/http-errors/node_modules/statuses
2685 silly ADD node_modules/http-deceiver
2686 silly ADD node_modules/http-cache-semantics
2687 silly ADD node_modules/htmlparser2
2688 silly ADD node_modules/htmlparser2/node_modules/entities
2689 silly ADD node_modules/html-escaper
2690 silly ADD node_modules/hpack.js
2691 silly ADD node_modules/hpack.js/node_modules/string_decoder
2692 silly ADD node_modules/hpack.js/node_modules/safe-buffer
2693 silly ADD node_modules/hpack.js/node_modules/readable-stream
2694 silly ADD node_modules/hosted-git-info
2695 silly ADD node_modules/hosted-git-info/node_modules/lru-cache
2696 silly ADD node_modules/hasown
2697 silly ADD node_modules/has-tostringtag
2698 silly ADD node_modules/has-symbols
2699 silly ADD node_modules/has-flag
2700 silly ADD node_modules/handle-thing
2701 silly ADD node_modules/graceful-fs
2702 silly ADD node_modules/gopd
2703 silly ADD node_modules/globby
2704 silly ADD node_modules/glob-to-regexp
2705 silly ADD node_modules/glob-to-regex.js
2706 silly ADD node_modules/glob-parent
2707 silly ADD node_modules/glob
2708 silly ADD node_modules/get-proto
2709 silly ADD node_modules/get-intrinsic
2710 silly ADD node_modules/get-east-asian-width
2711 silly ADD node_modules/get-caller-file
2712 silly ADD node_modules/gensync
2713 silly ADD node_modules/function-bind
2714 silly ADD
2715 silly ADD node_modules/fs.realpath
2716 silly ADD node_modules/fs-minipass
2717 silly ADD node_modules/fs-extra
2718 silly ADD node_modules/fresh
2719 silly ADD node_modules/fraction.js
2720 silly ADD node_modules/forwarded
2721 silly ADD node_modules/foreground-child
2722 silly ADD node_modules/follow-redirects
2723 silly ADD node_modules/flatted
2724 silly ADD node_modules/flat
2725 silly ADD node_modules/find-up
2726 silly ADD node_modules/find-cache-dir
2727 silly ADD node_modules/finalhandler
2728 silly ADD node_modules/finalhandler/node_modules/on-finished
2729 silly ADD node_modules/finalhandler/node_modules/ms
2730 silly ADD node_modules/finalhandler/node_modules/debug
2731 silly ADD node_modules/fill-range
2732 silly ADD node_modules/fdir
2733 silly ADD node_modules/faye-websocket
2734 silly ADD node_modules/fastq
2735 silly ADD node_modules/fast-uri
2736 silly ADD node_modules/fast-glob
2737 silly ADD node_modules/fast-glob/node_modules/glob-parent
2738 silly ADD node_modules/fast-deep-equal
2739 silly ADD node_modules/extend
2740 silly ADD node_modules/express
2741 silly ADD node_modules/express/node_modules/statuses
2742 silly ADD node_modules/express/node_modules/ms
2743 silly ADD node_modules/express/node_modules/finalhandler
2744 silly ADD node_modules/express/node_modules/encodeurl
2745 silly ADD node_modules/express/node_modules/debug
2746 silly ADD node_modules/exponential-backoff
2747 silly ADD node_modules/events
2748 silly ADD node_modules/eventemitter3
2749 silly ADD node_modules/etag
2750 silly ADD node_modules/esutils
2751 silly ADD node_modules/estraverse
2752 silly ADD node_modules/esrecurse
2753 silly ADD node_modules/esrecurse/node_modules/estraverse
2754 silly ADD node_modules/eslint-scope
2755 silly ADD node_modules/escape-html
2756 silly ADD node_modules/escalade
2757 silly ADD node_modules/esbuild-wasm
2758 silly ADD node_modules/esbuild
2759 silly ADD node_modules/es-object-atoms
2760 silly ADD node_modules/es-module-lexer
2761 silly ADD node_modules/es-errors
2762 silly ADD node_modules/es-define-property
2763 silly ADD node_modules/error-ex
2764 silly ADD node_modules/errno
2765 silly ADD node_modules/err-code
2766 silly ADD node_modules/environment
2767 silly ADD node_modules/env-paths
2768 silly ADD node_modules/entities
2769 silly ADD node_modules/ent
2770 silly ADD node_modules/enhanced-resolve
2771 silly ADD node_modules/engine.io-parser
2772 silly ADD node_modules/engine.io
2773 silly ADD node_modules/encoding
2774 silly ADD node_modules/encoding/node_modules/iconv-lite
2775 silly ADD node_modules/encodeurl
2776 silly ADD node_modules/emojis-list
2777 silly ADD node_modules/emoji-regex
2778 silly ADD node_modules/electron-to-chromium
2779 silly ADD node_modules/ee-first
2780 silly ADD node_modules/eastasianwidth
2781 silly ADD node_modules/dunder-proto
2782 silly ADD node_modules/domutils
2783 silly ADD node_modules/domhandler
2784 silly ADD node_modules/domelementtype
2785 silly ADD node_modules/dom-serializer
2786 silly ADD node_modules/dom-serialize
2787 silly ADD node_modules/dns-packet
2788 silly ADD node_modules/di
2789 silly ADD node_modules/detect-node
2790 silly ADD node_modules/detect-libc
2791 silly ADD node_modules/destroy
2792 silly ADD node_modules/depd
2793 silly ADD node_modules/define-lazy-prop
2794 silly ADD node_modules/defaults
2795 silly ADD node_modules/default-browser-id
2796 silly ADD node_modules/default-browser
2797 silly ADD node_modules/debug
2798 silly ADD node_modules/date-format
2799 silly ADD node_modules/custom-event
2800 silly ADD node_modules/cssesc
2801 silly ADD node_modules/css-what
2802 silly ADD node_modules/css-select
2803 silly ADD node_modules/css-loader
2804 silly ADD node_modules/cross-spawn
2805 silly ADD node_modules/cross-spawn/node_modules/which
2806 silly ADD node_modules/cosmiconfig
2807 silly ADD node_modules/cors
2808 silly ADD node_modules/core-util-is
2809 silly ADD node_modules/core-js-compat
2810 silly ADD node_modules/copy-webpack-plugin
2811 silly ADD node_modules/copy-anything
2812 silly ADD node_modules/cookie-signature
2813 silly ADD node_modules/cookie
2814 silly ADD node_modules/convert-source-map
2815 silly ADD node_modules/content-type
2816 silly ADD node_modules/content-disposition
2817 silly ADD node_modules/connect-history-api-fallback
2818 silly ADD node_modules/connect
2819 silly ADD node_modules/connect/node_modules/ms
2820 silly ADD node_modules/connect/node_modules/debug
2821 silly ADD node_modules/concat-map
2822 silly ADD node_modules/compression
2823 silly ADD node_modules/compression/node_modules/negotiator
2824 silly ADD node_modules/compression/node_modules/ms
2825 silly ADD node_modules/compression/node_modules/debug
2826 silly ADD node_modules/compressible
2827 silly ADD node_modules/common-path-prefix
2828 silly ADD node_modules/commander
2829 silly ADD node_modules/colorette
2830 silly ADD node_modules/color-name
2831 silly ADD node_modules/color-convert
2832 silly ADD node_modules/clone-deep
2833 silly ADD node_modules/clone-deep/node_modules/is-plain-object
2834 silly ADD node_modules/clone
2835 silly ADD node_modules/cliui
2836 silly ADD node_modules/cliui/node_modules/wrap-ansi
2837 silly ADD node_modules/cliui/node_modules/strip-ansi
2838 silly ADD node_modules/cliui/node_modules/string-width
2839 silly ADD node_modules/cliui/node_modules/is-fullwidth-code-point
2840 silly ADD node_modules/cliui/node_modules/emoji-regex
2841 silly ADD node_modules/cliui/node_modules/ansi-regex
2842 silly ADD node_modules/cli-width
2843 silly ADD node_modules/cli-truncate
2844 silly ADD node_modules/cli-spinners
2845 silly ADD node_modules/cli-cursor
2846 silly ADD node_modules/chrome-trace-event
2847 silly ADD node_modules/chownr
2848 silly ADD node_modules/chokidar
2849 silly ADD node_modules/chardet
2850 silly ADD node_modules/chalk
2851 silly ADD node_modules/caniuse-lite
2852 silly ADD node_modules/callsites
2853 silly ADD node_modules/call-bound
2854 silly ADD node_modules/call-bind-apply-helpers
2855 silly ADD node_modules/cacache
2856 silly ADD node_modules/cacache/node_modules/yallist
2857 silly ADD node_modules/cacache/node_modules/tar
2858 silly ADD node_modules/cacache/node_modules/minimatch
2859 silly ADD node_modules/cacache/node_modules/lru-cache
2860 silly ADD node_modules/cacache/node_modules/glob
2861 silly ADD node_modules/cacache/node_modules/chownr
2862 silly ADD node_modules/cacache/node_modules/brace-expansion
2863 silly ADD node_modules/bytes
2864 silly ADD node_modules/bundle-name
2865 silly ADD node_modules/buffer-from
2866 silly ADD node_modules/buffer
2867 silly ADD node_modules/browserslist
2868 silly ADD node_modules/braces
2869 silly ADD node_modules/brace-expansion
2870 silly ADD node_modules/bootstrap
2871 silly ADD node_modules/boolbase
2872 silly ADD node_modules/bonjour-service
2873 silly ADD node_modules/body-parser
2874 silly ADD node_modules/body-parser/node_modules/ms
2875 silly ADD node_modules/body-parser/node_modules/iconv-lite
2876 silly ADD node_modules/body-parser/node_modules/debug
2877 silly ADD node_modules/bl
2878 silly ADD node_modules/binary-extensions
2879 silly ADD node_modules/big.js
2880 silly ADD node_modules/beasties
2881 silly ADD node_modules/batch
2882 silly ADD node_modules/baseline-browser-mapping
2883 silly ADD node_modules/base64id
2884 silly ADD node_modules/base64-js
2885 silly ADD node_modules/balanced-match
2886 silly ADD node_modules/babel-plugin-polyfill-regenerator
2887 silly ADD node_modules/babel-plugin-polyfill-corejs3
2888 silly ADD node_modules/babel-plugin-polyfill-corejs2
2889 silly ADD node_modules/babel-plugin-polyfill-corejs2/node_modules/semver
2890 silly ADD node_modules/babel-loader
2891 silly ADD node_modules/autoprefixer
2892 silly ADD node_modules/array-flatten
2893 silly ADD node_modules/argparse
2894 silly ADD node_modules/anymatch
2895 silly ADD node_modules/anymatch/node_modules/picomatch
2896 silly ADD node_modules/ansi-styles
2897 silly ADD node_modules/ansi-regex
2898 silly ADD node_modules/ansi-html-community
2899 silly ADD node_modules/ansi-escapes
2900 silly ADD node_modules/ansi-colors
2901 silly ADD node_modules/ajv-keywords
2902 silly ADD node_modules/ajv-formats
2903 silly ADD node_modules/ajv
2904 silly ADD node_modules/agent-base
2905 silly ADD node_modules/adjust-sourcemap-loader
2906 silly ADD node_modules/adjust-sourcemap-loader/node_modules/loader-utils
2907 silly ADD node_modules/acorn-import-phases
2908 silly ADD node_modules/acorn
2909 silly ADD node_modules/accepts
2910 silly ADD node_modules/accepts/node_modules/negotiator
2911 silly ADD node_modules/abbrev
2912 silly ADD node_modules/@yarnpkg/lockfile
2913 silly ADD node_modules/@xtuc/long
2914 silly ADD node_modules/@xtuc/ieee754
2915 silly ADD node_modules/@webassemblyjs/wast-printer
2916 silly ADD node_modules/@webassemblyjs/wasm-parser
2917 silly ADD node_modules/@webassemblyjs/wasm-opt
2918 silly ADD node_modules/@webassemblyjs/wasm-gen
2919 silly ADD node_modules/@webassemblyjs/wasm-edit
2920 silly ADD node_modules/@webassemblyjs/utf8
2921 silly ADD node_modules/@webassemblyjs/leb128
2922 silly ADD node_modules/@webassemblyjs/ieee754
2923 silly ADD node_modules/@webassemblyjs/helper-wasm-section
2924 silly ADD node_modules/@webassemblyjs/helper-wasm-bytecode
2925 silly ADD node_modules/@webassemblyjs/helper-numbers
2926 silly ADD node_modules/@webassemblyjs/helper-buffer
2927 silly ADD node_modules/@webassemblyjs/helper-api-error
2928 silly ADD node_modules/@webassemblyjs/floating-point-hex-parser
2929 silly ADD node_modules/@webassemblyjs/ast
2930 silly ADD node_modules/@vitejs/plugin-basic-ssl
2931 silly ADD node_modules/@types/ws
2932 silly ADD node_modules/@types/sockjs
2933 silly ADD node_modules/@types/serve-static
2934 silly ADD node_modules/@types/serve-static/node_modules/@types/send
2935 silly ADD node_modules/@types/serve-index
2936 silly ADD node_modules/@types/send
2937 silly ADD node_modules/@types/retry
2938 silly ADD node_modules/@types/range-parser
2939 silly ADD node_modules/@types/qs
2940 silly ADD node_modules/@types/node-forge
2941 silly ADD node_modules/@types/node
2942 silly ADD node_modules/@types/mime
2943 silly ADD node_modules/@types/json-schema
2944 silly ADD node_modules/@types/jasmine
2945 silly ADD node_modules/@types/http-proxy
2946 silly ADD node_modules/@types/http-errors
2947 silly ADD node_modules/@types/express-serve-static-core
2948 silly ADD node_modules/@types/express
2949 silly ADD node_modules/@types/estree
2950 silly ADD node_modules/@types/eslint-scope
2951 silly ADD node_modules/@types/eslint
2952 silly ADD node_modules/@types/cors
2953 silly ADD node_modules/@types/connect-history-api-fallback
2954 silly ADD node_modules/@types/connect
2955 silly ADD node_modules/@types/bonjour
2956 silly ADD node_modules/@types/body-parser
2957 silly ADD node_modules/@tufjs/models
2958 silly ADD node_modules/@tufjs/models/node_modules/minimatch
2959 silly ADD node_modules/@tufjs/models/node_modules/brace-expansion
2960 silly ADD node_modules/@tufjs/canonical-json
2961 silly ADD node_modules/@socket.io/component-emitter
2962 silly ADD node_modules/@sindresorhus/merge-streams
2963 silly ADD node_modules/@sigstore/verify
2964 silly ADD node_modules/@sigstore/tuf
2965 silly ADD node_modules/@sigstore/sign
2966 silly ADD node_modules/@sigstore/protobuf-specs
2967 silly ADD node_modules/@sigstore/core
2968 silly ADD node_modules/@sigstore/bundle
2969 silly ADD node_modules/@schematics/angular
2970 silly ADD node_modules/@rollup/rollup-win32-x64-msvc
2971 silly ADD node_modules/@rollup/rollup-win32-x64-gnu
2972 silly ADD
2973 silly ADD
2974 silly ADD
2975 silly ADD
2976 silly ADD
2977 silly ADD
2978 silly ADD
2979 silly ADD
2980 silly ADD
2981 silly ADD
2982 silly ADD
2983 silly ADD
2984 silly ADD
2985 silly ADD
2986 silly ADD
2987 silly ADD
2988 silly ADD
2989 silly ADD
2990 silly ADD
2991 silly ADD
2992 silly ADD
2993 silly ADD
2994 silly ADD
2995 silly ADD node_modules/@popperjs/core
2996 silly ADD node_modules/@pkgjs/parseargs
2997 silly ADD node_modules/@parcel/watcher-win32-x64
2998 silly ADD
2999 silly ADD
3000 silly ADD
3001 silly ADD
3002 silly ADD
3003 silly ADD
3004 silly ADD
3005 silly ADD
3006 silly ADD
3007 silly ADD
3008 silly ADD
3009 silly ADD
3010 silly ADD node_modules/@parcel/watcher
3011 silly ADD node_modules/@parcel/watcher/node_modules/node-addon-api
3012 silly ADD node_modules/@npmcli/run-script
3013 silly ADD node_modules/@npmcli/run-script/node_modules/which
3014 silly ADD node_modules/@npmcli/run-script/node_modules/isexe
3015 silly ADD node_modules/@npmcli/redact
3016 silly ADD node_modules/@npmcli/promise-spawn
3017 silly ADD node_modules/@npmcli/promise-spawn/node_modules/which
3018 silly ADD node_modules/@npmcli/promise-spawn/node_modules/isexe
3019 silly ADD node_modules/@npmcli/package-json
3020 silly ADD node_modules/@npmcli/package-json/node_modules/minimatch
3021 silly ADD node_modules/@npmcli/package-json/node_modules/glob
3022 silly ADD node_modules/@npmcli/package-json/node_modules/brace-expansion
3023 silly ADD node_modules/@npmcli/node-gyp
3024 silly ADD node_modules/@npmcli/installed-package-contents
3025 silly ADD node_modules/@npmcli/git
3026 silly ADD node_modules/@npmcli/git/node_modules/which
3027 silly ADD node_modules/@npmcli/git/node_modules/lru-cache
3028 silly ADD node_modules/@npmcli/git/node_modules/isexe
3029 silly ADD node_modules/@npmcli/fs
3030 silly ADD node_modules/@npmcli/agent
3031 silly ADD node_modules/@npmcli/agent/node_modules/lru-cache
3032 silly ADD node_modules/@nodelib/fs.walk
3033 silly ADD node_modules/@nodelib/fs.stat
3034 silly ADD node_modules/@nodelib/fs.scandir
3035 silly ADD node_modules/@ngtools/webpack
3036 silly ADD node_modules/@napi-rs/nice-win32-x64-msvc
3037 silly ADD
3038 silly ADD
3039 silly ADD
3040 silly ADD
3041 silly ADD
3042 silly ADD
3043 silly ADD
3044 silly ADD
3045 silly ADD
3046 silly ADD
3047 silly ADD
3048 silly ADD
3049 silly ADD
3050 silly ADD
3051 silly ADD
3052 silly ADD
3053 silly ADD node_modules/@napi-rs/nice
3054 silly ADD node_modules/@msgpackr-extract/msgpackr-extract-win32-x64
3055 silly ADD
3056 silly ADD
3057 silly ADD
3058 silly ADD
3059 silly ADD
3060 silly ADD node_modules/@lmdb/lmdb-win32-x64
3061 silly ADD
3062 silly ADD
3063 silly ADD
3064 silly ADD
3065 silly ADD
3066 silly ADD node_modules/@listr2/prompt-adapter-inquirer
3067 silly ADD node_modules/@listr2/prompt-adapter-inquirer/node_modules/mute-stream
3068 silly ADD node_modules/@listr2/prompt-adapter-inquirer/node_modules/@inquirer/type
3069 silly ADD node_modules/@leichtgewicht/ip-codec
3070 silly ADD node_modules/@jsonjoy.com/util
3071 silly ADD node_modules/@jsonjoy.com/util/node_modules/@jsonjoy.com/buffers
3072 silly ADD node_modules/@jsonjoy.com/json-pointer
3073 silly ADD node_modules/@jsonjoy.com/json-pack
3074 silly ADD node_modules/@jsonjoy.com/json-pack/node_modules/@jsonjoy.com/buffers
3075 silly ADD node_modules/@jsonjoy.com/fs-snapshot
3076 silly ADD node_modules/@jsonjoy.com/fs-snapshot/node_modules/@jsonjoy.com/util
3077 silly ADD node_modules/@jsonjoy.com/fs-snapshot/node_modules/@jsonjoy.com/json-pointer
3078 silly ADD node_modules/@jsonjoy.com/fs-snapshot/node_modules/@jsonjoy.com/json-pack
3079 silly ADD node_modules/@jsonjoy.com/fs-snapshot/node_modules/@jsonjoy.com/codegen
3080 silly ADD node_modules/@jsonjoy.com/fs-snapshot/node_modules/@jsonjoy.com/base64
3081 silly ADD node_modules/@jsonjoy.com/fs-print
3082 silly ADD node_modules/@jsonjoy.com/fs-node-utils
3083 silly ADD node_modules/@jsonjoy.com/fs-node-to-fsa
3084 silly ADD node_modules/@jsonjoy.com/fs-node-builtins
3085 silly ADD node_modules/@jsonjoy.com/fs-node
3086 silly ADD node_modules/@jsonjoy.com/fs-fsa
3087 silly ADD node_modules/@jsonjoy.com/fs-core
3088 silly ADD node_modules/@jsonjoy.com/codegen
3089 silly ADD node_modules/@jsonjoy.com/buffers
3090 silly ADD node_modules/@jsonjoy.com/base64
3091 silly ADD node_modules/@jridgewell/trace-mapping
3092 silly ADD node_modules/@jridgewell/sourcemap-codec
3093 silly ADD node_modules/@jridgewell/source-map
3094 silly ADD node_modules/@jridgewell/resolve-uri
3095 silly ADD node_modules/@jridgewell/gen-mapping
3096 silly ADD node_modules/@istanbuljs/schema
3097 silly ADD node_modules/@isaacs/fs-minipass
3098 silly ADD node_modules/@isaacs/cliui
3099 silly ADD node_modules/@isaacs/cliui/node_modules/wrap-ansi
3100 silly ADD node_modules/@isaacs/cliui/node_modules/string-width
3101 silly ADD node_modules/@isaacs/cliui/node_modules/emoji-regex
3102 silly ADD node_modules/@isaacs/cliui/node_modules/ansi-styles
3103 silly ADD node_modules/@inquirer/type
3104 silly ADD node_modules/@inquirer/select
3105 silly ADD node_modules/@inquirer/search
3106 silly ADD node_modules/@inquirer/rawlist
3107 silly ADD node_modules/@inquirer/prompts
3108 silly ADD node_modules/@inquirer/password
3109 silly ADD node_modules/@inquirer/number
3110 silly ADD node_modules/@inquirer/input
3111 silly ADD node_modules/@inquirer/figures
3112 silly ADD node_modules/@inquirer/external-editor
3113 silly ADD node_modules/@inquirer/expand
3114 silly ADD node_modules/@inquirer/editor
3115 silly ADD node_modules/@inquirer/core
3116 silly ADD node_modules/@inquirer/confirm
3117 silly ADD node_modules/@inquirer/checkbox
3118 silly ADD node_modules/@inquirer/ansi
3119 silly ADD node_modules/@esbuild/win32-x64
3120 silly ADD
3121 silly ADD
3122 silly ADD
3123 silly ADD
3124 silly ADD
3125 silly ADD
3126 silly ADD
3127 silly ADD
3128 silly ADD
3129 silly ADD
3130 silly ADD
3131 silly ADD
3132 silly ADD
3133 silly ADD
3134 silly ADD
3135 silly ADD
3136 silly ADD
3137 silly ADD
3138 silly ADD
3139 silly ADD
3140 silly ADD
3141 silly ADD
3142 silly ADD
3143 silly ADD
3144 silly ADD
3145 silly ADD node_modules/@discoveryjs/json-ext
3146 silly ADD node_modules/@colors/colors
3147 silly ADD node_modules/@babel/types
3148 silly ADD node_modules/@babel/traverse
3149 silly ADD node_modules/@babel/traverse/node_modules/@babel/generator
3150 silly ADD node_modules/@babel/template
3151 silly ADD node_modules/@babel/runtime
3152 silly ADD node_modules/@babel/preset-modules
3153 silly ADD node_modules/@babel/preset-env
3154 silly ADD node_modules/@babel/preset-env/node_modules/semver
3155 silly ADD node_modules/@babel/plugin-transform-unicode-sets-regex
3156 silly ADD node_modules/@babel/plugin-transform-unicode-regex
3157 silly ADD node_modules/@babel/plugin-transform-unicode-property-regex
3158 silly ADD node_modules/@babel/plugin-transform-unicode-escapes
3159 silly ADD node_modules/@babel/plugin-transform-typeof-symbol
3160 silly ADD node_modules/@babel/plugin-transform-template-literals
3161 silly ADD node_modules/@babel/plugin-transform-sticky-regex
3162 silly ADD node_modules/@babel/plugin-transform-spread
3163 silly ADD node_modules/@babel/plugin-transform-shorthand-properties
3164 silly ADD node_modules/@babel/plugin-transform-runtime
3165 silly ADD node_modules/@babel/plugin-transform-runtime/node_modules/semver
3166 silly ADD node_modules/@babel/plugin-transform-reserved-words
3167 silly ADD node_modules/@babel/plugin-transform-regexp-modifiers
3168 silly ADD node_modules/@babel/plugin-transform-regenerator
3169 silly ADD node_modules/@babel/plugin-transform-property-literals
3170 silly ADD node_modules/@babel/plugin-transform-private-property-in-object
3171 silly ADD node_modules/@babel/plugin-transform-private-property-in-object/node_modules/@babel/helper-annotate-as-pure
3172 silly ADD node_modules/@babel/plugin-transform-private-methods
3173 silly ADD node_modules/@babel/plugin-transform-parameters
3174 silly ADD node_modules/@babel/plugin-transform-optional-chaining
3175 silly ADD node_modules/@babel/plugin-transform-optional-catch-binding
3176 silly ADD node_modules/@babel/plugin-transform-object-super
3177 silly ADD node_modules/@babel/plugin-transform-object-rest-spread
3178 silly ADD node_modules/@babel/plugin-transform-numeric-separator
3179 silly ADD node_modules/@babel/plugin-transform-nullish-coalescing-operator
3180 silly ADD node_modules/@babel/plugin-transform-new-target
3181 silly ADD node_modules/@babel/plugin-transform-named-capturing-groups-regex
3182 silly ADD node_modules/@babel/plugin-transform-modules-umd
3183 silly ADD node_modules/@babel/plugin-transform-modules-systemjs
3184 silly ADD node_modules/@babel/plugin-transform-modules-commonjs
3185 silly ADD node_modules/@babel/plugin-transform-modules-amd
3186 silly ADD node_modules/@babel/plugin-transform-member-expression-literals
3187 silly ADD node_modules/@babel/plugin-transform-logical-assignment-operators
3188 silly ADD node_modules/@babel/plugin-transform-literals
3189 silly ADD node_modules/@babel/plugin-transform-json-strings
3190 silly ADD node_modules/@babel/plugin-transform-function-name
3191 silly ADD node_modules/@babel/plugin-transform-for-of
3192 silly ADD node_modules/@babel/plugin-transform-export-namespace-from
3193 silly ADD node_modules/@babel/plugin-transform-exponentiation-operator
3194 silly ADD node_modules/@babel/plugin-transform-dynamic-import
3195 silly ADD node_modules/@babel/plugin-transform-duplicate-named-capturing-groups-regex
3196 silly ADD node_modules/@babel/plugin-transform-duplicate-keys
3197 silly ADD node_modules/@babel/plugin-transform-dotall-regex
3198 silly ADD node_modules/@babel/plugin-transform-destructuring
3199 silly ADD node_modules/@babel/plugin-transform-computed-properties
3200 silly ADD node_modules/@babel/plugin-transform-classes
3201 silly ADD node_modules/@babel/plugin-transform-classes/node_modules/@babel/helper-annotate-as-pure
3202 silly ADD node_modules/@babel/plugin-transform-class-static-block
3203 silly ADD node_modules/@babel/plugin-transform-class-properties
3204 silly ADD node_modules/@babel/plugin-transform-block-scoping
3205 silly ADD node_modules/@babel/plugin-transform-block-scoped-functions
3206 silly ADD node_modules/@babel/plugin-transform-async-to-generator
3207 silly ADD node_modules/@babel/plugin-transform-async-generator-functions
3208 silly ADD node_modules/@babel/plugin-transform-arrow-functions
3209 silly ADD node_modules/@babel/plugin-syntax-unicode-sets-regex
3210 silly ADD node_modules/@babel/plugin-syntax-import-attributes
3211 silly ADD node_modules/@babel/plugin-syntax-import-assertions
3212 silly ADD node_modules/@babel/plugin-proposal-private-property-in-object
3213 silly ADD node_modules/@babel/plugin-bugfix-v8-static-class-fields-redefine-readonly
3214 silly ADD node_modules/@babel/plugin-bugfix-v8-spread-parameters-in-optional-chaining
3215 silly ADD node_modules/@babel/plugin-bugfix-safari-id-destructuring-collision-in-function-expression
3216 silly ADD node_modules/@babel/plugin-bugfix-safari-class-field-initializer-scope
3217 silly ADD node_modules/@babel/plugin-bugfix-firefox-class-in-computed-class-key
3218 silly ADD node_modules/@babel/parser
3219 silly ADD node_modules/@babel/helpers
3220 silly ADD node_modules/@babel/helper-wrap-function
3221 silly ADD node_modules/@babel/helper-validator-option
3222 silly ADD node_modules/@babel/helper-validator-identifier
3223 silly ADD node_modules/@babel/helper-string-parser
3224 silly ADD node_modules/@babel/helper-split-export-declaration
3225 silly ADD node_modules/@babel/helper-skip-transparent-expression-wrappers
3226 silly ADD node_modules/@babel/helper-replace-supers
3227 silly ADD node_modules/@babel/helper-remap-async-to-generator
3228 silly ADD node_modules/@babel/helper-remap-async-to-generator/node_modules/@babel/helper-annotate-as-pure
3229 silly ADD node_modules/@babel/helper-plugin-utils
3230 silly ADD node_modules/@babel/helper-optimise-call-expression
3231 silly ADD node_modules/@babel/helper-module-transforms
3232 silly ADD node_modules/@babel/helper-module-imports
3233 silly ADD node_modules/@babel/helper-member-expression-to-functions
3234 silly ADD node_modules/@babel/helper-globals
3235 silly ADD node_modules/@babel/helper-define-polyfill-provider
3236 silly ADD node_modules/@babel/helper-define-polyfill-provider/node_modules/resolve
3237 silly ADD node_modules/@babel/helper-create-regexp-features-plugin
3238 silly ADD node_modules/@babel/helper-create-regexp-features-plugin/node_modules/semver
3239 silly ADD node_modules/@babel/helper-create-regexp-features-plugin/node_modules/@babel/helper-annotate-as-pure
3240 silly ADD node_modules/@babel/helper-create-class-features-plugin
3241 silly ADD node_modules/@babel/helper-create-class-features-plugin/node_modules/semver
3242 silly ADD node_modules/@babel/helper-create-class-features-plugin/node_modules/@babel/helper-annotate-as-pure
3243 silly ADD node_modules/@babel/helper-compilation-targets
3244 silly ADD node_modules/@babel/helper-compilation-targets/node_modules/semver
3245 silly ADD node_modules/@babel/helper-annotate-as-pure
3246 silly ADD node_modules/@babel/generator
3247 silly ADD node_modules/@babel/core
3248 silly ADD node_modules/@babel/core/node_modules/semver
3249 silly ADD node_modules/@babel/core/node_modules/convert-source-map
3250 silly ADD node_modules/@babel/compat-data
3251 silly ADD node_modules/@babel/code-frame
3252 silly ADD node_modules/@auth0/angular-jwt
3253 silly ADD node_modules/@angular/router
3254 silly ADD node_modules/@angular/platform-browser-dynamic
3255 silly ADD node_modules/@angular/platform-browser
3256 silly ADD node_modules/@angular/forms
3257 silly ADD node_modules/@angular/core
3258 silly ADD node_modules/@angular/compiler-cli
3259 silly ADD node_modules/@angular/compiler-cli/node_modules/@babel/core
3260 silly ADD node_modules/@angular/compiler-cli/node_modules/@babel/core/node_modules/semver
3261 silly ADD node_modules/@angular/compiler-cli/node_modules/@babel/core/node_modules/convert-source-map
3262 silly ADD node_modules/@angular/compiler
3263 silly ADD node_modules/@angular/common
3264 silly ADD node_modules/@angular/cli
3265 silly ADD node_modules/@angular/build
3266 silly ADD node_modules/@angular/build/node_modules/vite
3267 silly ADD node_modules/@angular/build/node_modules/vite/node_modules/esbuild
3268 silly ADD node_modules/@angular/build/node_modules/@esbuild/win32-x64
3269 silly ADD
3270 silly ADD
3271 silly ADD
3272 silly ADD
3273 silly ADD
3274 silly ADD
3275 silly ADD
3276 silly ADD
3277 silly ADD
3278 silly ADD
3279 silly ADD
3280 silly ADD
3281 silly ADD
3282 silly ADD
3283 silly ADD
3284 silly ADD
3285 silly ADD
3286 silly ADD
3287 silly ADD
3288 silly ADD
3289 silly ADD
3290 silly ADD
3291 silly ADD
3292 silly ADD
3293 silly ADD
3294 silly ADD node_modules/@angular-devkit/schematics
3295 silly ADD node_modules/@angular-devkit/schematics/node_modules/rxjs
3296 silly ADD node_modules/@angular-devkit/core
3297 silly ADD node_modules/@angular-devkit/core/node_modules/rxjs
3298 silly ADD node_modules/@angular-devkit/build-webpack
3299 silly ADD node_modules/@angular-devkit/build-webpack/node_modules/rxjs
3300 silly ADD node_modules/@angular-devkit/build-angular
3301 silly ADD node_modules/@angular-devkit/build-angular/node_modules/rxjs
3302 silly ADD node_modules/@angular-devkit/architect
3303 silly ADD node_modules/@angular-devkit/architect/node_modules/rxjs
3304 silly ADD node_modules/@ampproject/remapping
3305 verbose cwd D:\Carrera\Cursos\TP1\BACKUP\TF_TP1_Frontend
3306 verbose os Windows_NT 10.0.26200
3307 verbose node v20.17.0
3308 verbose npm  v10.8.2
3309 notice
3309 notice New major version of npm available! 10.8.2 -> 12.0.2
3309 notice Changelog: https://github.com/npm/cli/releases/tag/v12.0.2
3309 notice To update run: npm install -g npm@12.0.2
3309 notice  { force: true, [Symbol(proc-log.meta)]: true }
3310 verbose exit 0
3311 info ok
